<?xml version="1.0" encoding="UTF-8"?>
<includes>
	<include name="OSDButton">
		<textureradioonfocus colordiffuse="white">$PARAM[texture]</textureradioonfocus>
		<textureradioonnofocus>$PARAM[texture]</textureradioonnofocus>
		<textureradioofffocus colordiffuse="white">$PARAM[texture]</textureradioofffocus>
		<textureradiooffnofocus>$PARAM[texture]</textureradiooffnofocus>
		<textureradioondisabled colordiffuse="disabled">$PARAM[texture]</textureradioondisabled>
		<textureradiooffdisabled colordiffuse="disabled">$PARAM[texture]</textureradiooffdisabled>
		<texturefocus colordiffuse="$VAR[SkinColorVar]">osd/fullscreen/buttons/button-fo-76.png</texturefocus>
		<width>56</width>
		<animation type="Focus" condition="!Skin.HasSetting(no_animations)" reversible="false">
			<effect type="zoom" end="125" time="75" tween="sine" easing="out" center="auto" />
			<effect type="zoom" end="80" time="225" tween="sine" delay="100" easing="out" center="auto" />
		</animation>
		<height>56</height>
		<radiowidth>54</radiowidth>
		<radioheight>54</radioheight>
		<font></font>
		<texturenofocus />
		<radioposx>1</radioposx>
		<radioposy>0</radioposy>
	</include>
	<include name="InfoDialogPvrMetadata">
		<param name="textcolor">$VAR[SkinColorVar]</param>
		<param name="labelwidth">190</param>
		<param name="labelalign">right</param>
		<param name="font">font12</param>
		<definition>
				<control type="label" id="$PARAM[control_id]">
					<width>$PARAM[labelwidth]</width>
					<align>$PARAM[labelalign]</align>
					<font>$PARAM[font]</font>
					<label>$PARAM[label]</label>
					<textcolor>$PARAM[textcolor]</textcolor>
					<align>right</align>
					<scroll>true</scroll>
					<visible>$PARAM[visible]</visible>
				</control>
				<control type="textbox">
					<left>$PARAM[labelwidth]</left>
					<right>36</right>
					<top>-4</top>
					<font>$PARAM[font]</font>
					<height>auto</height>
					<label>$PARAM[content]</label>
					<autoscroll delay="3000" time="1000" repeat="10000" />
					<visible>$PARAM[visible]</visible>
				</control>
		</definition>
	</include>
	<include name="InfoDialogMetadata">
		<param name="textcolor">white</param>
		<param name="font">font12</param>
		<definition>
			<control type="label" id="$PARAM[control_id]">
				<left>0</left>
				<right>50</right>
				<height>40</height>
				<aligny>center</aligny>
				<font>$PARAM[font]</font>
				<label>$PARAM[label]</label>
				<textcolor>$PARAM[textcolor]</textcolor>
				<visible>$PARAM[visible]</visible>
				<scroll>true</scroll>
				<visible>String.IsEqual(Control.GetLabel(3335),fallback.png)</visible>
			</control>
			<control type="label" id="$PARAM[control_id]">
				<left>0</left>
				<right>430</right>
				<height>40</height>
				<aligny>center</aligny>
				<font>$PARAM[font]</font>
				<label>$PARAM[label]</label>
				<textcolor>$PARAM[textcolor]</textcolor>
				<visible>$PARAM[visible]</visible>
				<scroll>true</scroll>
				<visible>!String.IsEqual(Control.GetLabel(3335),fallback.png)</visible>
			</control>
		</definition>
	</include>
	<include name="DefaultSettingButton">
		<param name="height">70</param>
		<param name="textoffsetx">40</param>
		<param name="font">font13</param>
		<param name="textwidth"></param>
		<definition>
			<textoffsetx>$PARAM[textoffsetx]</textoffsetx>
			<top>0</top>
			<textwidth>$PARAM[textwidth]</textwidth>
			<height>$PARAM[height]</height>
			<aligny>center</aligny>
			<invalidcolor>invalid</invalidcolor>
			<selectedcolor>selected</selectedcolor>
			<font>$PARAM[font]</font>
			<texturefocus colordiffuse="$VAR[SkinColorVar]">lists/focus.png</texturefocus>
			<texturenofocus />
		</definition>
	</include>
	<include name="DialogSettingButton">
		<param name="height">70</param>
		<param name="textoffsetx">40</param>
		<definition>
			<textoffsetx>$PARAM[textoffsetx]</textoffsetx>
			<top>0</top>
			<height>$PARAM[height]</height>
			<aligny>center</aligny>
			<invalidcolor>invalid</invalidcolor>
			<selectedcolor>selected</selectedcolor>
			<texturefocus colordiffuse="$VAR[SkinColorVar]">lists/focus.png</texturefocus>
			<texturenofocus colordiffuse="dialog_tint">colors/white.png</texturenofocus>
		</definition>
	</include>
	<include name="DefaultSettingLabel">
		<left>0</left>
		<top>0</top>
		<height>75</height>
		<label/>
		<align>center</align>
		<aligny>center</aligny>
		<font>font25_title</font>
		<textcolor>grey</textcolor>
		<scroll>true</scroll>
	</include>
	<include name="SettingsItemCommon">
		<texturenofocus border="40">buttons/dialogbutton-nofo.png</texturenofocus>
		<texturefocus border="40" colordiffuse="$VAR[SkinColorVar]">buttons/dialogbutton-fo.png</texturefocus>
		<height>100</height>
		<aligny>center</aligny>
		<textoffsetx>40</textoffsetx>
		<alttexturefocus border="40" colordiffuse="$VAR[SkinColorVar]">buttons/dialogbutton-fo.png</alttexturefocus>
		<alttexturenofocus border="40">buttons/dialogbutton-nofo.png</alttexturenofocus>
	</include>
	<include name="SettingsLabelCommon">
		<height>50</height>
		<font>font12</font>
		<textoffsetx>30</textoffsetx>
		<textoffsety>10</textoffsety>
		<textcolor>$VAR[SkinColorVar]</textcolor>
	</include>
	<include name="DefaultDialogButton">
		<param name="width">300</param>
		<param name="height">100</param>
		<param name="wrapmultiline">false</param>
		<param name="font">font25_title</param>
		<param name="onclick"></param>
		<param name="visible">true</param>
		<definition>
			<control type="button" id="$PARAM[id]">
				<width>$PARAM[width]</width>
				<height>$PARAM[height]</height>
				<label>$PARAM[label]</label>
				<font>$PARAM[font]</font>
				<textoffsetx>30</textoffsetx>
				<onclick>$PARAM[onclick]</onclick>
				<onclick>$PARAM[onclick_2]</onclick>
				<wrapmultiline>$PARAM[wrapmultiline]</wrapmultiline>
				<align>center</align>
				<texturefocus border="40" colordiffuse="$VAR[SkinColorVar]">buttons/dialogbutton-fo.png</texturefocus>
				<texturenofocus border="40">buttons/dialogbutton-nofo.png</texturenofocus>
				<visible>$PARAM[visible]</visible>
			</control>
		</definition>
	</include>
	<include name="KeyboardButton">
		<width>120</width>
		<height>120</height>
		<textoffsety>27</textoffsety>
		<texturefocus colordiffuse="$VAR[SkinColorVar]">buttons/roundbutton-fo.png</texturefocus>
		<texturenofocus />
		<align>center</align>
		<aligny>top</aligny>
		<font>font45</font>
	</include>
	<include name="PlaylistWindowButton">
		<param name="width">100%</param>
		<definition>
			<control type="button" id="$PARAM[control_id]">
				<width>$PARAM[width]</width>
				<height>110</height>
				<align>left</align>
				<aligny>top</aligny>
				<texturefocus colordiffuse="$VAR[SkinColorVar]">lists/focus.png</texturefocus>
				<texturenofocus />
				<textoffsetx>40</textoffsetx>
				<textoffsety>35</textoffsety>
				<label>$PARAM[label]</label>
				<onclick>$PARAM[onclick]</onclick>
				<selectedcolor>white</selectedcolor>
			</control>
		</definition>
	</include>
	<include name="IconButton">
		<param name="height">120</param>
		<param name="width">120</param>
		<param name="radioposx">40</param>
		<param name="texturefocus">buttons/roundbutton-fo.png</param>
		<param name="visible">true</param>
		<definition>
			<control type="radiobutton" id="$PARAM[control_id]">
				<width>$PARAM[width]</width>
				<height>$PARAM[height]</height>
				<align>center</align>
				<aligny>center</aligny>
				<onclick>$PARAM[onclick]</onclick>
				<onclick>$PARAM[onclick_2]</onclick>
				<font></font>
				<label>$PARAM[label]</label>
				<texturefocus colordiffuse="$VAR[SkinColorVar]">$PARAM[texturefocus]</texturefocus>
				<texturenofocus />
				<radioposx>$PARAM[radioposx]</radioposx>
				<radioposy>0</radioposy>
				<radiowidth>40</radiowidth>
				<radioheight>40</radioheight>
				<textureradioonfocus>$PARAM[icon]</textureradioonfocus>
				<textureradioonnofocus colordiffuse="grey">$PARAM[icon]</textureradioonnofocus>
				<textureradioofffocus>$PARAM[icon]</textureradioofffocus>
				<textureradiooffnofocus colordiffuse="grey">$PARAM[icon]</textureradiooffnofocus>
				<visible>$PARAM[visible]</visible>
			</control>
		</definition>
	</include>
	<include name="BottomMainMenuToggleItem">
		<param name="height">120</param>
		<definition>
			<control type="radiobutton" id="$PARAM[control_id]">
				<width>120</width>
				<height>$PARAM[height]</height>
				<align>center</align>
				<aligny>center</aligny>
				<onclick>$PARAM[onclick]</onclick>
				<font></font>
				<label>$PARAM[label]</label>
				<texturefocus colordiffuse="$VAR[SkinColorVar]">buttons/roundbutton-fo.png</texturefocus>
				<texturenofocus />
				<radioposx>40</radioposx>
				<radioposy>0</radioposy>
				<radiowidth>40</radiowidth>
				<radioheight>40</radioheight>
				<textureradioonfocus>$PARAM[icon_on]</textureradioonfocus>
				<textureradioonnofocus colordiffuse="grey">$PARAM[icon_on]</textureradioonnofocus>
				<textureradioofffocus>$PARAM[icon_off]</textureradioofffocus>
				<textureradiooffnofocus colordiffuse="grey">$PARAM[icon_off]</textureradiooffnofocus>
				<selected>$PARAM[selected]</selected>
			</control>
		</definition>
	</include>
	<include name="VideoInfoButtonsCommon">
		<param name="width">262</param>
		<param name="radioposx">108</param>
		<param name="height">142</param>
		<definition>
			<width>$PARAM[width]</width>
			<height>$PARAM[height]</height>
			<align>center</align>
			<aligny>top</aligny>
			<texturefocus border="21" colordiffuse="$VAR[SkinColorVar]">buttons/button-fo.png</texturefocus>
			<texturenofocus border="21">buttons/button-nofo.png</texturenofocus>
			<textoffsetx>35</textoffsetx>
			<textoffsety>86</textoffsety>
			<radioposx>$PARAM[radioposx]</radioposx>
			<radioposy>18</radioposy>
			<radiowidth>48</radiowidth>
			<font>font20_title</font>
			<textureradioonfocus colordiffuse="FFFFFFFF">$PARAM[icon]</textureradioonfocus>
			<textureradioonnofocus colordiffuse="FFFFFFFF">$PARAM[icon]</textureradioonnofocus>
			<textureradioofffocus colordiffuse="FFFFFFFF">$PARAM[icon]</textureradioofffocus>
			<textureradiooffnofocus colordiffuse="FFFFFFFF">$PARAM[icon]</textureradiooffnofocus>
			<textureradiooffdisabled colordiffuse="disabled">$PARAM[icon]</textureradiooffdisabled>
			<textureradioondisabled colordiffuse="disabled">$PARAM[icon]</textureradioondisabled>
		</definition>
	</include>
	<include name="InfoDialogButton">
		<param name="width">262</param>
		<param name="radioposx">108</param>
		<param name="condition_1"></param>
		<param name="condition_2"></param>
		<param name="condition_3"></param>
		<param name="condition_4"></param>
		<definition>
			<control type="radiobutton" id="$PARAM[id]">
				<width>$PARAM[width]</width>
				<height>142</height>
				<align>center</align>
				<aligny>top</aligny>
				<texturefocus border="21" colordiffuse="$VAR[SkinColorVar]">buttons/button-fo.png</texturefocus>
				<texturenofocus border="21">buttons/button-nofo.png</texturenofocus>
				<textoffsetx>35</textoffsetx>
				<textoffsety>86</textoffsety>
				<radioposx>$PARAM[radioposx]</radioposx>
				<radioposy>18</radioposy>
				<radiowidth>48</radiowidth>
				<font>font20_title</font>
				<textureradioonfocus colordiffuse="FFFFFFFF">$PARAM[icon]</textureradioonfocus>
				<textureradioonnofocus colordiffuse="FFFFFFFF">$PARAM[icon]</textureradioonnofocus>
				<textureradioofffocus colordiffuse="FFFFFFFF">$PARAM[icon]</textureradioofffocus>
				<textureradiooffnofocus colordiffuse="FFFFFFFF">$PARAM[icon]</textureradiooffnofocus>
				<textureradiooffdisabled colordiffuse="disabled">$PARAM[icon]</textureradiooffdisabled>
				<textureradioondisabled colordiffuse="disabled">$PARAM[icon]</textureradioondisabled>
				<label>$PARAM[label]</label>
				<onclick condition="$PARAM[condition_1]">$PARAM[onclick_1]</onclick>
				<onclick condition="$PARAM[condition_2]">$PARAM[onclick_2]</onclick>
				<onclick condition="$PARAM[condition_3]">$PARAM[onclick_3]</onclick>
				<onclick condition="$PARAM[condition_4]">$PARAM[onclick_4]</onclick>
				<visible>$PARAM[visible]</visible>
				<animation effect="fade" start="100" end="0" time="300" delay="300">Hidden</animation>
			</control>
		</definition>
	</include>
	<include name="InfoDialogSmallButton">
		<param name="width">148</param>
		<param name="radioposx">50</param>
		<param name="condition_1"></param>
		<param name="condition_2"></param>
		<param name="condition_3"></param>
		<param name="condition_4"></param>
		<param name="condition_5"></param>
		<definition>
			<control type="radiobutton" id="$PARAM[id]">
				<oninfo>$PARAM[oninfo]</oninfo>
				<width>$PARAM[width]</width>
				<height>110</height>
				<align>center</align>
				<aligny>top</aligny>
				<texturefocus border="21" colordiffuse="$VAR[SkinColorVar]">buttons/button-fo.png</texturefocus>
				<texturenofocus border="21">buttons/button-nofo.png</texturenofocus>
				<radioposx>$PARAM[radioposx]</radioposx>
				<radioposy>17</radioposy>
				<radiowidth>48</radiowidth>
				<textureradioonfocus colordiffuse="FFFFFFFF">$PARAM[icon]</textureradioonfocus>
				<textureradioonnofocus colordiffuse="FFFFFFFF">$PARAM[icon]</textureradioonnofocus>
				<textureradioofffocus colordiffuse="FFFFFFFF">$PARAM[icon]</textureradioofffocus>
				<textureradiooffnofocus colordiffuse="FFFFFFFF">$PARAM[icon]</textureradiooffnofocus>
				<textureradiooffdisabled colordiffuse="disabled">$PARAM[icon]</textureradiooffdisabled>
				<textureradioondisabled colordiffuse="disabled">$PARAM[icon]</textureradioondisabled>
				<onclick condition="$PARAM[condition_1]">$PARAM[onclick_1]</onclick>
				<onclick condition="$PARAM[condition_2]">$PARAM[onclick_2]</onclick>
				<onclick condition="$PARAM[condition_3]">$PARAM[onclick_3]</onclick>
				<onclick condition="$PARAM[condition_4]">$PARAM[onclick_4]</onclick>
				<onclick condition="$PARAM[condition_5]">$PARAM[onclick_5]</onclick>
				<visible>$PARAM[visible]</visible>
				<animation effect="fade" start="100" end="0" time="300" delay="300">Hidden</animation>
			</control>
		</definition>
	</include>
	<include name="InfoDialogToggleButton">
		<param name="width">262</param>
		<definition>
			<control type="radiobutton" id="$PARAM[id]">
				<width>$PARAM[width]</width>
				<height>142</height>
				<align>center</align>
				<aligny>top</aligny>
				<texturefocus border="21" colordiffuse="$VAR[SkinColorVar]">buttons/button-fo.png</texturefocus>
				<texturenofocus border="21">buttons/button-nofo.png</texturenofocus>
				<textoffsetx>35</textoffsetx>
				<textoffsety>86</textoffsety>
				<radioposx>108</radioposx>
				<radioposy>18</radioposy>
				<radiowidth>48</radiowidth>
				<font>font20_title</font>
				<textureradioonfocus colordiffuse="FFFFFFFF">$PARAM[icon_on]</textureradioonfocus>
				<textureradioonnofocus colordiffuse="FFFFFFFF">$PARAM[icon_on]</textureradioonnofocus>
				<textureradioofffocus colordiffuse="FFFFFFFF">$PARAM[icon_off]</textureradioofffocus>
				<textureradiooffnofocus colordiffuse="FFFFFFFF">$PARAM[icon_off]</textureradiooffnofocus>
				<textureradiooffdisabled colordiffuse="disabled">$PARAM[icon_off]</textureradiooffdisabled>
				<textureradioondisabled colordiffuse="disabled">$PARAM[icon_on]</textureradioondisabled>
				<selected>$PARAM[selected]</selected>
				<label>$PARAM[label]</label>
				<onclick>$PARAM[onclick_1]</onclick>
				<onclick>$PARAM[onclick_2]</onclick>
				<visible>$PARAM[visible]</visible>
			</control>
		</definition>
	</include>
	<include name="ButtonMenuList">
		<left>0</left>
		<top>80</top>
		<width>700</width>
		<height>700</height>
		<onleft>9000</onleft>
		<onright>9000</onright>
		<onup>9000</onup>
		<ondown>9000</ondown>
		<orientation>vertical</orientation>
		<itemlayout height="70" width="700">
			<control type="image">
				<left>0</left>
				<top>0</top>
				<width>700</width>
				<height>70</height>
				<texture colordiffuse="dialog_tint">colors/white.png</texture>
			</control>
			<control type="label">
				<left>0</left>
				<textoffsetx>20</textoffsetx>
				<top>0</top>
				<width>700</width>
				<height>70</height>
				<align>center</align>
				<aligny>center</aligny>
				<textcolor>grey</textcolor>
				<label>$INFO[ListItem.Label]</label>
			</control>
		</itemlayout>
		<focusedlayout height="70" width="700">
			<control type="image">
				<left>0</left>
				<top>0</top>
				<width>700</width>
				<height>70</height>
				<texture colordiffuse="dialog_tint">colors/white.png</texture>
			</control>
			<control type="image">
				<left>0</left>
				<top>0</top>
				<width>700</width>
				<height>70</height>
				<texture colordiffuse="$VAR[SkinColorVar]">lists/focus.png</texture>
			</control>
			<control type="label">
				<left>0</left>
				<textoffsetx>20</textoffsetx>
				<top>0</top>
				<width>700</width>
				<height>70</height>
				<align>center</align>
				<aligny>center</aligny>
				<label>$INFO[ListItem.Label]</label>
			</control>
		</focusedlayout>
	</include>
</includes>