<?xml version="1.0" encoding="UTF-8"?>
<window>
	<visible>$EXP[isSeeking] | [Player.Paused + !Skin.HasSetting(Hide_OSDInfo)] | Player.ShowInfo | Player.ShowTime | Window.IsActive(fullscreeninfo) | Window.IsActive(videoosd) | Window.IsActive(musicosd) | Window.IsActive(playerprocessinfo) | !String.IsEmpty(Player.SeekNumeric) | !String.IsEmpty(PVR.ChannelNumberInput)</visible>
	<visible>![Window.IsActive(sliderdialog) | Window.IsActive(pvrosdchannels) | Window.IsActive(pvrradiordsinfo) | Window.IsVisible(1135) | Window.IsActive(1141)]</visible>
	<visible>Window.IsActive(fullscreenvideo) | Window.IsActive(visualisation)</visible>
	<include>Animation_BottomFadeInOut</include>
	<depth>DepthOSD</depth>
	<zorder>0</zorder>
	<controls>
		<include>PVRChannelNumberInput</include>
		<control type="group">
			<animation effect="slide" end="0,-140" time="0" condition="Window.IsVisible(fullscreenvideo) + Skin.HasSetting(ScopeMode) + String.IsEqual(Skin.String(scope_mode),$LOCALIZE[31476])">Conditional</animation>
			<animation effect="slide" end="0,-135" time="0" condition="Window.IsVisible(fullscreenvideo) + Skin.HasSetting(ScopeMode) + String.IsEqual(Skin.String(scope_mode),$LOCALIZE[31479])">Conditional</animation>
			<animation effect="slide" end="0,-131.5" time="0" condition="Window.IsVisible(fullscreenvideo) + Skin.HasSetting(ScopeMode) + String.IsEqual(Skin.String(scope_mode),$LOCALIZE[31475])">Conditional</animation>
			<animation effect="slide" end="0,-21" time="0" condition="Window.IsVisible(fullscreenvideo) + Skin.HasSetting(ScopeMode) + String.IsEqual(Skin.String(scope_mode),$LOCALIZE[31478])">Conditional</animation>
			<include content="SeekBar" condition="Skin.HasSetting(ShowSeekBar) + Skin.HasSetting(SmallOSDVideo) + $EXP[isSeeking]">
				<param name="top">990</param>
				<param name="left">30</param>
			</include>
			<include content="SeekBar" condition="Skin.HasSetting(ShowSeekBar) + !Skin.HasSetting(SmallOSDVideo) + $EXP[isSeeking]">
				<param name="top">990</param>
				<param name="left">460</param>
			</include>
			<control type="group">
				<left>30</left>
				<bottom>8</bottom>
				<width>402</width>
				<include content="ItemHeight" condition="!Pvr.IsTimeShift">
					<param name="height">132</param>
				</include>
				<include content="ItemHeight" condition="Pvr.IsTimeShift">
					<param name="height">182</param>
				</include>
				<visible>Skin.HasSetting(ShowSeekBar) + !Skin.HasSetting(SmallOSDVideo) + $EXP[isSeeking]</visible>
				<control type="image">
					<texture  colordiffuse="$VAR[SeekBarOpacityVar]">dialogs/dialog-bg-nobo.png</texture>
				</control>
				<control type="textbox">
					<left>5</left>
					<right>5</right>
					<top>12</top>
					<bottom>12</bottom>
					<font>font14</font>
					<autoscroll delay="2000" time="3000" repeat="20000">Skin.HasSetting(autoscroll)</autoscroll>
					<label>[B]$INFO[VideoPlayer.Season,,x]$INFO[VideoPlayer.Episode,, - ]$INFO[VideoPlayer.Title][/B]</label>
					<align>center</align>
					<aligny>center</aligny>
				</control>
			</control>
			<include condition="Player.HasAudio + !Player.HasVideo">OSDWithInfo</include>
			<include condition="!$EXP[isSeeking] + !Skin.HasSetting(SmallOSDVideo) + Window.IsVisible(fullscreenvideo) + !Window.IsActive(fullscreeninfo)">OSDWithInfo</include>
			<include condition="!Skin.HasSetting(ShowSeekBar) + !Skin.HasSetting(SmallOSDVideo) + Window.IsVisible(fullscreenvideo) + !Window.IsActive(fullscreeninfo)">OSDWithInfo</include>
			<include condition="!$EXP[isSeeking] + Skin.HasSetting(SmallOSDVideo) + Window.IsVisible(fullscreenvideo) + !Window.IsActive(fullscreeninfo)">OSDWithoutInfo</include>
			<include condition="!Skin.HasSetting(ShowSeekBar) + Skin.HasSetting(SmallOSDVideo) + Window.IsVisible(fullscreenvideo) + !Window.IsActive(fullscreeninfo)">OSDWithoutInfo</include>
		</control>
	</controls>
</window>
