<window id="1110" type="dialog">
    <visible>[System.IdleTime(3) + String.IsEqual(Skin.String(autoclose_osd),$LOCALIZE[40380])] | [System.IdleTime(5) + String.IsEqual(Skin.String(autoclose_osd),$LOCALIZE[40381])] | [System.IdleTime(7) + String.IsEqual(Skin.String(autoclose_osd),$LOCALIZE[40382])] | [System.IdleTime(10) + String.IsEqual(Skin.String(autoclose_osd),$LOCALIZE[40383])] | [System.IdleTime(15) + String.IsEqual(Skin.String(autoclose_osd),$LOCALIZE[40384])]</visible>
    <visible>[Window.IsVisible(videoosd) | Window.IsVisible(musicosd)] + !WindowIsVisible(pvrosdteletext) + !Window.IsVisible(DialogSettings.xml) + !Window.IsVisible(DialogSubtitles.xml) + !Windows.IsVisible(DialogSlider.xml) + !Window.IsVisible(VideoOSDBookmarks.xml) + !Window.IsVisible(Custom_1101_SettingsList.xml) + !Window.IsVisible(DialogPlayerProcessInfo.xml) + !Window.IsActive(1138)</visible>
    <onload condition="Window.IsVisible(videoosd)">Dialog.Close(videoosd)</onload>
    <onload condition="Window.IsVisible(musicosd)">Dialog.Close(musicosd)</onload>
    <controls/>
</window>