<?xml version="1.0" encoding="utf-8"?>
<window type="dialog" id="1134">
	<onload>Dialog.Close(fullscreeninfo,true)</onload>
	<visible>Window.IsActive(fullscreenvideo) + VideoPlayer.Content(livetv) + !Skin.HasSetting(disable_PVRNextUp)</visible>
	<visible>!Window.IsVisible(VideoOSD.xml) + !Window.IsVisible(DialogPVRChannelsOSD.xml) + !Window.IsVisible(DialogPVRChannelGuide.xml) + !Window.IsVisible(DialogFullScreenInfo.xml) + !Window.IsVisible(Custom_1135_PVROverlay.xml)</visible>
	<controls>
		<control type="group">
			<visible>!Window.IsVisible(videoosd) + Window.IsVisible(fullscreenvideo) + [Integer.IsEqual(PVR.EpgEventRemainingTime(hh),0) + Integer.IsEqual(PVR.EpgEventRemainingTime(mm),0) +  Integer.IsLess(PVR.EpgEventRemainingTime(ss),36) + Integer.IsGreater(PVR.EpgEventRemainingTime(ss),4)]</visible>
			<right>64</right>
			<bottom>90</bottom>
			<width>382</width>
			<height>358</height>
			<control type="image">
				<width>382</width>
				<height>358</height>
				<texture colordiffuse="$VAR[BorderColorVar]">dialogs/border-picturelayout.png</texture>
				<aspectratio>stretch</aspectratio>
				<bordertexture border="21">overlays/shadow.png</bordertexture>
				<bordersize>20</bordersize>
				<visible>Skin.HasSetting(show_borders)</visible>
			</control>
			<control type="image">
				<left>2</left>
				<top>2</top>
				<width>378</width>
				<height>354</height>
				<texture>dialogs/dialog-bg-nobo.png</texture>
				<bordersize>20</bordersize>
				<visible>Skin.HasSetting(show_borders)</visible>
			</control>
			<control type="image">
				<left>2</left>
				<top>2</top>
				<width>378</width>
				<height>354</height>
				<texture>dialogs/dialog-bg-nobo.png</texture>
				<bordertexture border="21">overlays/shadow.png</bordertexture>
				<bordersize>20</bordersize>
				<visible>!Skin.HasSetting(show_borders)</visible>
			</control>
			<control type="image">
				<left>20</left>
				<top>22</top>
				<width>342</width>
				<height>200</height>
				<aspectratio align="center" aligny="center">keep</aspectratio>
				<texture fallback="DefaultVideoFanart.png">$INFO[Player.Art(thumb)]</texture>
			</control>
			<control type="label">
				<left>2</left>
				<top>236</top>
				<width>378</width>
				<height>36</height>
				<aligny>center</aligny>
				<align>center</align>
				<textoffsetx>5</textoffsetx>
				<font>font12</font>
				<textcolor>$VAR[SkinColorVar]</textcolor>
				<shadowcolor>black</shadowcolor>
				<label>$LOCALIZE[40196] $INFO[VideoPlayer.NextEndTime,$LOCALIZE[40374],)]</label>
				<scroll>true</scroll>
			</control>
			<control type="image">
				<left>22</left>
				<top>288</top>
				<width>338</width>
				<height>48</height>
				<texture colordiffuse="$VAR[SkinColorVar]">colors/white.png</texture>
			</control>
			<control type="label">
				<left>27</left>
				<top>288</top>
				<width>328</width>
				<height>48</height>
				<font>font12</font>
				<shadowcolor>black</shadowcolor>
				<align>center</align>
				<aligny>center</aligny>
				<textoffsetx>5</textoffsetx>
				<scroll>true</scroll>
				<label>$INFO[VideoPlayer.NextTitle]$INFO[VideoPlayer.NextGenre, (,)]</label>
			</control>
		</control>
	</controls>
</window>