<?xml version="1.0" encoding="UTF-8"?>
<window>
	<defaultcontrol>9000</defaultcontrol>
	<backgroundcolor>background</backgroundcolor>
	<include condition="Skin.HasSetting(powermenu_list)">Animation_DialogPopupOpenClose</include>
	<controls>
		<include condition="!Skin.HasSetting(powermenu_list)">DefaultBackground</include>
		<control type="group">
			<centerleft>50%</centerleft>
			<width>1600</width>
			<centertop>50%</centertop>
			<height>795</height>
			<include>OpenClose_Right</include>
			<visible>!Skin.HasSetting(powermenu_iconlist) + !Skin.HasSetting(powermenu_list)</visible>
			<control id="9000" type="panel">
				<left>0</left>
				<width>100%</width>
				<top>0</top>
				<height>780</height>
				<itemlayout height="260" width="400">
					<control type="image">
						<left>-5</left>
						<width>410</width>
						<height>270</height>
						<texture>dialogs/dialog-bg-nobo.png</texture>
						<bordertexture border="21">overlays/shadow.png</bordertexture>
						<bordersize>20</bordersize>
					</control>
					<control type="image">
						<centerleft>50%</centerleft>
						<top>30</top>
						<width>300</width>
						<height>140</height>
						<texture>$INFO[ListItem.Icon]</texture>
						<aspectratio align="center">keep</aspectratio>
					</control>
					<control type="textbox">
						<left>25</left>
						<top>170</top>
						<width>350</width>
						<height>80</height>
						<font>font25_narrow</font>
						<label>$INFO[ListItem.Label,[B],[/B]]</label>
						<align>center</align>
						<aligny>center</aligny>
					</control>
				</itemlayout>
				<focusedlayout height="230" width="400">
					<control type="group">
						<depth>DepthContentPopout</depth>
						<animation type="Focus" condition="!Skin.HasSetting(no_animations)" reversible="false">
            				<effect type="zoom" end="110" time="75" tween="sine" easing="out" center="auto" />
            				<effect type="zoom" end="91" time="225" tween="sine" delay="100" easing="out" center="auto" />
       					</animation>
						<control type="image">
							<left>-5</left>
							<width>410</width>
							<height>270</height>
							<texture>dialogs/dialog-bg-nobo.png</texture>
							<bordertexture border="21">overlays/shadow.png</bordertexture>
							<bordersize>20</bordersize>
						</control>
						<control type="image">
							<top>-6</top>
							<left>-11</left>
							<width>422</width>
							<height>282</height>
							<texture colordiffuse="$VAR[SkinColorVar]">colors/grey.png</texture>
							<bordertexture border="21">overlays/shadow.png</bordertexture>
							<bordersize>20</bordersize>
						</control>
						<control type="image">
							<top>-6</top>
							<left>-11</left>
							<width>422</width>
							<height>282</height>
							<texture colordiffuse="$VAR[GradientColorVar]">colors/gradient.png</texture>
							<bordersize>20</bordersize>
							<visible>Skin.HasSetting(EnableGradientColor)</visible>
						</control>
						<control type="image">
							<centerleft>50%</centerleft>
							<top>30</top>
							<width>300</width>
							<height>140</height>
							<texture>$INFO[ListItem.Icon]</texture>
							<aspectratio align="center">keep</aspectratio>
						</control>
						<control type="textbox">
							<left>25</left>
							<top>170</top>
							<width>350</width>
							<height>80</height>
							<font>font25_narrow</font>
							<label>$INFO[ListItem.Label,[B],[/B]]</label>
							<align>center</align>
							<aligny>center</aligny>
						</control>
					</control>
				</focusedlayout>
				<content>
					<item>
						<label>$LOCALIZE[13012]</label>
						<icon>special://skin/extras/icons/Power menu/exit.png</icon> 
						<onclick>Quit</onclick>
						<visible>System.ShowExitButton</visible>
					</item>
					<item>
						<label>$LOCALIZE[13016]</label>
						<icon>special://skin/extras/icons/Power menu/powerdown.png</icon> 
						<onclick>Powerdown</onclick>
						<visible>System.CanPowerDown + !System.AddonIsEnabled(service.rpm)</visible>
					</item>
					<item>
						<label>$LOCALIZE[13016]</label>
						<icon>special://skin/extras/icons/Power menu/powerdown.png</icon>
						<onclick>RunAddon(service.rpm,poweroff)</onclick>
						<visible>System.CanPowerDown + System.AddonIsEnabled(service.rpm)</visible>
					</item>
					<item>
						<label>$LOCALIZE[13013]</label>
						<icon>special://skin/extras/icons/Power menu/reboot.png</icon>
						<onclick>Reset</onclick>
						<visible>System.CanReboot</visible>
					</item>
					<item>
						<label>$LOCALIZE[40357]</label>
						<icon>special://skin/extras/icons/Power menu/restart.png</icon>
						<onclick>RestartApp</onclick>
						<visible>System.Platform.Linux | System.Platform.Windows</visible>
						<visible>!Skin.HasSetting(ExtendedPowerMenu)</visible>
					</item>
					<item>
						<label>$LOCALIZE[40356]</label>
						<icon>special://skin/extras/icons/Power menu/reboot_emmc.png</icon>
						<onclick>System.ExecWait("/usr/sbin/rebootfromnand")</onclick>
						<onclick>Reboot</onclick>
						<visible>System.CanReboot</visible>
						<visible>!Skin.HasSetting(ExtendedPowerMenu)</visible>
					</item>
					<item>
						<label>$LOCALIZE[20150]</label>
						<icon>special://skin/extras/icons/Power menu/shutdowntimer.png</icon> 
						<onclick>AlarmClock(shutdowntimer,Shutdown())</onclick>
						<visible>!System.HasAlarm(shutdowntimer) + !System.AddonIsEnabled(service.sleepy.watchdog)</visible>
						<visible>System.CanPowerDown | System.CanSuspend | System.CanHibernate</visible>
						<visible>!Skin.HasSetting(ExtendedPowerMenu)</visible>
					</item>
					<item>
						<label>$LOCALIZE[20150]</label>
						<icon>special://skin/extras/icons/Power menu/shutdowntimer.png</icon>
						<onclick>RunAddon(service.sleepy.watchdog)</onclick>
						<onclick>dialog.close(all,true)</onclick>
						<visible>!System.HasAlarm(shutdowntimer) + System.AddonIsEnabled(service.sleepy.watchdog)</visible>
						<visible>System.CanPowerDown | System.CanSuspend | System.CanHibernate</visible>
						<visible>!Skin.HasSetting(ExtendedPowerMenu)</visible>
					</item>
					<item>
						<label>$LOCALIZE[20151] $INFO[System.AlarmPos,(,)]</label>
						<icon>special://skin/extras/icons/Power menu/cancel.png</icon> 
						<onclick>CancelAlarm(shutdowntimer)</onclick>
						<visible>System.HasAlarm(shutdowntimer) + !System.AddonIsEnabled(service.sleepy.watchdog)</visible>
						<visible>!Skin.HasSetting(ExtendedPowerMenu)</visible>
					</item>
					<item>
						<label>$LOCALIZE[13011]</label>
						<icon>special://skin/extras/icons/Power menu/suspend.png</icon> 
						<onclick>Suspend</onclick>
						<visible>System.CanSuspend</visible>
					</item>
					<item>
						<label>$LOCALIZE[13010]</label>
						<icon>special://skin/extras/icons/Power menu/suspend.png</icon> 
						<onclick>Hibernate</onclick>
						<visible>System.CanHibernate</visible>
					</item>
					<item>
						<label>$LOCALIZE[20126] $INFO[system.profilename]</label>
						<icon>special://skin/extras/icons/Power menu/logoff.png</icon>
						<onclick>dialog.close(all,true)</onclick>
						<onclick>System.LogOff</onclick>
						<visible>System.HasLoginScreen | Integer.IsGreater(System.ProfileCount,1)</visible>
						<visible>System.Loggedon</visible>
						<visible>!Skin.HasSetting(ExtendedPowerMenu)</visible>
					</item>
					<item>
						<label>$VAR[MasterModeLabel]</label>
						<icon>special://skin/extras/icons/Power menu/mastermode.png</icon> 
						<onclick>mastermode</onclick>
						<visible>System.HasLocks</visible>
						<visible>!Skin.HasSetting(ExtendedPowerMenu)</visible>
					</item>
					<item>
						<label>$LOCALIZE[13017]</label>
						<icon>special://skin/extras/icons/Power menu/cancel.png</icon> 
						<onclick>InhibitIdleShutdown(true)</onclick>
						<visible>System.HasShutdown +!System.IsInhibit</visible>
						<visible>!Skin.HasSetting(ExtendedPowerMenu)</visible>
					</item>
					<item>
						<label>$LOCALIZE[13018]</label>
						<icon>special://skin/extras/icons/Power menu/inhibitidleshutdown.png</icon> 
						<onclick>InhibitIdleShutdown(false)</onclick>
						<visible>System.HasShutdown + System.IsInhibit</visible>
						<visible>!Skin.HasSetting(ExtendedPowerMenu)</visible>
					</item>
					 <item>
						<label>$LOCALIZE[40009]</label>
						<icon>special://skin/extras/icons/Power menu/updatevideo.png</icon>
						<onclick>UpdateLibrary(video)</onclick>
						<visible>!Library.IsScanningVideo + [Library.HasContent(movies) | Library.HasContent(tvshows) | Library.HasContent(musicvideos)]</visible>
						 <visible>!Skin.HasSetting(ExtendedPowerMenu)</visible>
					</item>
					<item>
						<label>$LOCALIZE[40013]</label>
						<icon>special://skin/extras/icons/Power menu/cancel.png</icon>
						<onclick>UpdateLibrary(video)</onclick>
						<visible>Library.IsScanningVideo + [Library.HasContent(movies) | Library.HasContent(tvshows) | Library.HasContent(musicvideos)]</visible>
						<visible>!Skin.HasSetting(ExtendedPowerMenu)</visible>
					</item>
					<item>
						<label>$LOCALIZE[40010]</label>
						<icon>special://skin/extras/icons/Power menu/updatemusic.png</icon>
						<onclick>UpdateLibrary(music)</onclick>
						<visible>!Library.IsScanningMusic + Library.HasContent(music)</visible>
						<visible>!Skin.HasSetting(ExtendedPowerMenu)</visible>
					</item>
					<item>
						<label>$LOCALIZE[40014]</label>
						<icon>special://skin/extras/icons/Power menu/cancel.png</icon>
						<onclick>UpdateLibrary(music)</onclick>
						<visible>Library.IsScanningMusic + Library.HasContent(music)</visible>
						<visible>!Skin.HasSetting(ExtendedPowerMenu)</visible>
					</item>
				</content>
			</control>
		</control>
		<control type="group">
			<centerleft>50%</centerleft>
			<left>0</left>
			<right>0</right>
			<centertop>50%</centertop>
			<include>OpenClose_Right</include>
			<visible>Skin.HasSetting(powermenu_iconlist)</visible>
			<control id="9000" type="wraplist">
				<centerleft>50%</centerleft>
				<centertop>50%</centertop>
				<width>1900</width>
				<height>380</height>
				<focusposition>2</focusposition>
				<orientation>horizontal</orientation>
				<scrolltime tween="cubic" easing="out">500</scrolltime>
				<itemlayout height="380" width="380">
					<control type="image">
						<left>0</left>
						<width>380</width>
						<height>380</height>
						<texture>dialogs/dialog-bg-nobo.png</texture>
						<bordertexture border="21">overlays/shadow.png</bordertexture>
						<bordersize>20</bordersize>
					</control>
					<control type="image">
						<left>40</left>
						<top>70</top>
						<width>300</width>
						<height>150</height>
						<aspectratio align="center">keep</aspectratio>
						<texture>$INFO[ListItem.Icon]</texture>
					</control>
					<control type="textbox">
						<left>30</left>
						<top>255</top>
						<width>320</width>
						<height>80</height>
						<align>center</align>
						<aligny>center</aligny>
						<font>font25_narrow</font>
						<label>$INFO[ListItem.Label,[B],[/B]]</label>
					</control>
				</itemlayout>
				<focusedlayout height="380" width="380">
					<control type="group">
						<depth>DepthContentPopout</depth>
						<animation type="Focus" condition="!Skin.HasSetting(no_animations)" reversible="false">
            				<effect type="zoom" end="110" time="75" tween="sine" easing="out" center="auto" />
            				<effect type="zoom" end="91" time="225" tween="sine" delay="100" easing="out" center="auto" />
       					</animation>
						<control type="image">
							<left>0</left>
							<width>380</width>
							<height>380</height>
							<texture>dialogs/dialog-bg-nobo.png</texture>
							<bordertexture border="21">overlays/shadow.png</bordertexture>
							<bordersize>20</bordersize>
						</control>
						<control type="image">
							<top>-6</top>
							<left>-6</left>
							<width>392</width>
							<height>392</height>
							<texture colordiffuse="$VAR[SkinColorVar]">colors/grey.png</texture>
							<bordersize>20</bordersize>
						</control>
						<control type="image">
							<top>-6</top>
							<left>-6</left>
							<width>392</width>
							<height>392</height>
							<texture colordiffuse="$VAR[GradientColorVar]">colors/gradient.png</texture>
							<bordersize>20</bordersize>
							<visible>Skin.HasSetting(EnableGradientColor)</visible>
						</control>
						<control type="image">
							<left>40</left>
							<top>70</top>
							<width>300</width>
							<height>150</height>
							<aspectratio align="center">keep</aspectratio>
							<texture>$INFO[ListItem.Icon]</texture>
						</control>
						<control type="textbox">
							<left>30</left>
							<top>255</top>
							<width>320</width>
							<height>80</height>
							<align>center</align>
							<aligny>center</aligny>
							<font>font25_narrow</font>
							<label>$INFO[ListItem.Label,[B],[/B]]</label>
						</control>
					</control>
				</focusedlayout>
				<content>
					<item>
						<label>$LOCALIZE[13012]</label>
						<icon>special://skin/extras/icons/Power menu/exit.png</icon> 
						<onclick>Quit</onclick>
						<visible>System.ShowExitButton</visible>
					</item>
					<item>
						<label>$LOCALIZE[13016]</label>
						<icon>special://skin/extras/icons/Power menu/powerdown.png</icon> 
						<onclick>Powerdown</onclick>
						<visible>System.CanPowerDown + !System.AddonIsEnabled(service.rpm)</visible>
					</item>
					<item>
						<label>$LOCALIZE[13016]</label>
						<icon>special://skin/extras/icons/Power menu/powerdown.png</icon>
						<onclick>RunAddon(service.rpm,poweroff)</onclick>
						<visible>System.CanPowerDown + System.AddonIsEnabled(service.rpm)</visible>
					</item>
					<item>
						<label>$LOCALIZE[13013]</label>
						<icon>special://skin/extras/icons/Power menu/reboot.png</icon>
						<onclick>Reset</onclick>
						<visible>System.CanReboot</visible>
					</item>
					<item>
						<label>$LOCALIZE[40357]</label>
						<icon>special://skin/extras/icons/Power menu/restart.png</icon>
						<onclick>RestartApp</onclick>
						<visible>System.Platform.Linux | System.Platform.Windows</visible>
						<visible>!Skin.HasSetting(ExtendedPowerMenu)</visible>
					</item>
					<item>
						<label>$LOCALIZE[40356]</label>
						<icon>special://skin/extras/icons/Power menu/reboot_emmc.png</icon>
						<onclick>System.ExecWait("/usr/sbin/rebootfromnand")</onclick>
						<onclick>Reboot</onclick>
						<visible>System.CanReboot</visible>
						<visible>!Skin.HasSetting(ExtendedPowerMenu)</visible>
					</item>
					<item>
						<label>$LOCALIZE[20150]</label>
						<icon>special://skin/extras/icons/Power menu/shutdowntimer.png</icon> 
						<onclick>AlarmClock(shutdowntimer,Shutdown())</onclick>
						<visible>!System.HasAlarm(shutdowntimer) + !System.AddonIsEnabled(service.sleepy.watchdog)</visible>
						<visible>System.CanPowerDown | System.CanSuspend | System.CanHibernate</visible>
						<visible>!Skin.HasSetting(ExtendedPowerMenu)</visible>
					</item>
					<item>
						<label>$LOCALIZE[20150]</label>
						<icon>special://skin/extras/icons/Power menu/shutdowntimer.png</icon>
						<onclick>RunAddon(service.sleepy.watchdog)</onclick>
						<onclick>dialog.close(all,true)</onclick>
						<visible>!System.HasAlarm(shutdowntimer) + System.AddonIsEnabled(service.sleepy.watchdog)</visible>
						<visible>System.CanPowerDown | System.CanSuspend | System.CanHibernate</visible>
						<visible>!Skin.HasSetting(ExtendedPowerMenu)</visible>
					</item>
					<item>
						<label>$LOCALIZE[20151] $INFO[System.AlarmPos,(,)]</label>
						<icon>special://skin/extras/icons/Power menu/cancel.png</icon> 
						<onclick>CancelAlarm(shutdowntimer)</onclick>
						<visible>System.HasAlarm(shutdowntimer) + !SystemAddon.IsEnabled(service.sleepy.watchdog)</visible>
						<visible>!Skin.HasSetting(ExtendedPowerMenu)</visible>
					</item>
					<item>
						<label>$LOCALIZE[13011]</label>
						<icon>special://skin/extras/icons/Power menu/suspend.png</icon> 
						<onclick>Suspend</onclick>
						<visible>System.CanSuspend</visible>
					</item>
					<item>
						<label>$LOCALIZE[13010]</label>
						<icon>special://skin/extras/icons/Power menu/suspend.png</icon> 
						<onclick>Hibernate</onclick>
						<visible>System.CanHibernate</visible>
					</item>
					<item>
						<label>$LOCALIZE[20126] $INFO[system.profilename]</label>
						<icon>special://skin/extras/icons/Power menu/logoff.png</icon>
						<onclick>dialog.close(all,true)</onclick>
						<onclick>System.LogOff</onclick>
						<visible>System.HasLoginScreen | Integer.IsGreater(System.ProfileCount,1)</visible>
						<visible>System.Loggedon</visible>
						<visible>!Skin.HasSetting(ExtendedPowerMenu)</visible>
					</item>
					<item>
						<label>$VAR[MasterModeLabel]</label>
						<icon>special://skin/extras/icons/Power menu/mastermode.png</icon> 
						<onclick>mastermode</onclick>
						<visible>System.HasLocks</visible>
						<visible>!Skin.HasSetting(ExtendedPowerMenu)</visible>
					</item>
					<item>
						<label>$LOCALIZE[13017]</label>
						<icon>special://skin/extras/icons/Power menu/cancel.png</icon> 
						<onclick>InhibitIdleShutdown(true)</onclick>
						<visible>System.HasShutdown +!System.IsInhibit</visible>
						<visible>!Skin.HasSetting(ExtendedPowerMenu)</visible>
					</item>
					<item>
						<label>$LOCALIZE[13018]</label>
						<icon>special://skin/extras/icons/Power menu/inhibitidleshutdown.png</icon> 
						<onclick>InhibitIdleShutdown(false)</onclick>
						<visible>System.HasShutdown + System.IsInhibit</visible>
						<visible>!Skin.HasSetting(ExtendedPowerMenu)</visible>
					</item>
					 <item>
						<label>$LOCALIZE[40009]</label>
						<icon>special://skin/extras/icons/Power menu/updatevideo.png</icon>
						<onclick>UpdateLibrary(video)</onclick>
						<visible>!Library.IsScanningVideo + [Library.HasContent(movies) | Library.HasContent(tvshows) | Library.HasContent(musicvideos)]</visible>
						 <visible>!Skin.HasSetting(ExtendedPowerMenu)</visible>
					</item>
					<item>
						<label>$LOCALIZE[40013]</label>
						<icon>special://skin/extras/icons/Power menu/cancel.png</icon>
						<onclick>UpdateLibrary(video)</onclick>
						<visible>Library.IsScanningVideo + [Library.HasContent(movies) | Library.HasContent(tvshows) | Library.HasContent(musicvideos)]</visible>
						<visible>!Skin.HasSetting(ExtendedPowerMenu)</visible>
					</item>
					<item>
						<label>$LOCALIZE[40010]</label>
						<icon>special://skin/extras/icons/Power menu/updatemusic.png</icon>
						<onclick>UpdateLibrary(music)</onclick>
						<visible>!Library.IsScanningMusic + Library.HasContent(music)</visible>
						<visible>!Skin.HasSetting(ExtendedPowerMenu)</visible>
					</item>
					<item>
						<label>$LOCALIZE[40014]</label>
						<icon>special://skin/extras/icons/Power menu/cancel.png</icon>
						<onclick>UpdateLibrary(music)</onclick>
						<visible>Library.IsScanningMusic + Library.HasContent(music)</visible>
						<visible>!Skin.HasSetting(ExtendedPowerMenu)</visible>
					</item>
				</content>
			</control>
		</control>
		<control type="group">
			<centerleft>50%</centerleft>
			<width>700</width>
			<centertop>50%</centertop>
			<height>700</height>
			<visible>Skin.HasSetting(powermenu_list)</visible>
			<include content="DialogBackgroundCommons">
				<param name="width" value="700" />
				<param name="height" value="80" />
				<param name="header_label" value="$LOCALIZE[31072]" />
				<param name="header_id" value="2" />
			</include>
			<control type="panel" id="9000">
				<include>ButtonMenuList</include>
				<content>
					<item>
						<label>$LOCALIZE[13012]</label>
						<icon>special://skin/extras/icons/Power menu/exit.png</icon> 
						<onclick>Quit</onclick>
						<visible>System.ShowExitButton</visible>
					</item>
					<item>
						<label>$LOCALIZE[13016]</label>
						<icon>special://skin/extras/icons/Power menu/powerdown.png</icon> 
						<onclick>Powerdown</onclick>
						<visible>System.CanPowerDown + !System.AddonIsEnabled(service.rpm)</visible>
					</item>
					<item>
						<label>$LOCALIZE[13016]</label>
						<icon>special://skin/extras/icons/Power menu/powerdown.png</icon>
						<onclick>RunAddon(service.rpm,poweroff)</onclick>
						<visible>System.CanPowerDown + System.AddonIsEnabled(service.rpm)</visible>
					</item>
					<item>
						<label>$LOCALIZE[13013]</label>
						<icon>special://skin/extras/icons/Power menu/reboot.png</icon>
						<onclick>Reset</onclick>
						<visible>System.CanReboot</visible>
					</item>
					<item>
						<label>$LOCALIZE[40357]</label>
						<icon>special://skin/extras/icons/Power menu/restart.png</icon>
						<onclick>RestartApp</onclick>
						<visible>System.Platform.Linux | System.Platform.Windows</visible>
						<visible>!Skin.HasSetting(ExtendedPowerMenu)</visible>
					</item>
					<item>
						<label>$LOCALIZE[40356]</label>
						<onclick>System.ExecWait("/usr/sbin/rebootfromnand")</onclick>
						<onclick>Reboot</onclick>
						<visible>System.CanReboot</visible>
						<visible>!Skin.HasSetting(ExtendedPowerMenu)</visible>
					</item>
					<item>
						<label>$LOCALIZE[20150]</label>
						<icon>special://skin/extras/icons/Power menu/shutdowntimer.png</icon> 
						<onclick>AlarmClock(shutdowntimer,Shutdown())</onclick>
						<visible>!System.HasAlarm(shutdowntimer) + !System.AddonIsEnabled(service.sleepy.watchdog)</visible>
						<visible>System.CanPowerDown | System.CanSuspend | System.CanHibernate</visible>
						<visible>!Skin.HasSetting(ExtendedPowerMenu)</visible>
					</item>
					<item>
						<label>$LOCALIZE[20150]</label>
						<icon>special://skin/extras/icons/Power menu/shutdowntimer.png</icon>
						<onclick>RunAddon(service.sleepy.watchdog)</onclick>
						<onclick>dialog.close(all,true)</onclick>
						<visible>!System.HasAlarm(shutdowntimer) + System.AddonIsEnabled(service.sleepy.watchdog)</visible>
						<visible>System.CanPowerDown | System.CanSuspend | System.CanHibernate</visible>
						<visible>!Skin.HasSetting(ExtendedPowerMenu)</visible>
					</item>
					<item>
						<label>$LOCALIZE[20151] $INFO[System.AlarmPos,(,)]</label>
						<icon>special://skin/extras/icons/Power menu/cancel.png</icon> 
						<onclick>CancelAlarm(shutdowntimer)</onclick>
						<visible>System.HasAlarm(shutdowntimer) + !System.AddonIsEnabled(service.sleepy.watchdog)</visible>
						<visible>!Skin.HasSetting(ExtendedPowerMenu)</visible>
					</item>
					<item>
						<label>$LOCALIZE[13011]</label>
						<icon>special://skin/extras/icons/Power menu/suspend.png</icon> 
						<onclick>Suspend</onclick>
						<visible>System.CanSuspend</visible>
					</item>
					<item>
						<label>$LOCALIZE[13010]</label>
						<icon>special://skin/extras/icons/Power menu/suspend.png</icon> 
						<onclick>Hibernate</onclick>
						<visible>System.CanHibernate</visible>
					</item>
					<item>
						<label>$LOCALIZE[20126] $INFO[system.profilename]</label>
						<icon>special://skin/extras/icons/Power menu/logoff.png</icon>
						<onclick>dialog.close(all,true)</onclick>
						<onclick>System.LogOff</onclick>
						<visible>System.HasLoginScreen | Integer.IsGreater(System.ProfileCount,1)</visible>
						<visible>System.Loggedon</visible>
						<visible>!Skin.HasSetting(ExtendedPowerMenu)</visible>
					</item>
					<item>
						<label>$VAR[MasterModeLabel]</label>
						<icon>special://skin/extras/icons/Power menu/mastermode.png</icon> 
						<onclick>mastermode</onclick>
						<visible>System.HasLocks</visible>
						<visible>!Skin.HasSetting(ExtendedPowerMenu)</visible>
					</item>
					<item>
						<label>$LOCALIZE[13017]</label>
						<icon>special://skin/extras/icons/Power menu/cancel.png</icon> 
						<onclick>InhibitIdleShutdown(true)</onclick>
						<visible>System.HasShutdown +!System.IsInhibit</visible>
						<visible>!Skin.HasSetting(ExtendedPowerMenu)</visible>
					</item>
					<item>
						<label>$LOCALIZE[13018]</label>
						<icon>special://skin/extras/icons/Power menu/inhibitidleshutdown.png</icon> 
						<onclick>InhibitIdleShutdown(false)</onclick>
						<visible>System.HasShutdown + System.IsInhibit</visible>
						<visible>!Skin.HasSetting(ExtendedPowerMenu)</visible>
					</item>
					 <item>
						<label>$LOCALIZE[40009]</label>
						<icon>special://skin/extras/icons/Power menu/updatevideo.png</icon>
						<onclick>UpdateLibrary(video)</onclick>
						<visible>!Library.IsScanningVideo + [Library.HasContent(movies) | Library.HasContent(tvshows) | Library.HasContent(musicvideos)]</visible>
						 <visible>!Skin.HasSetting(ExtendedPowerMenu)</visible>
					</item>
					<item>
						<label>$LOCALIZE[40013]</label>
						<icon>special://skin/extras/icons/Power menu/cancel.png</icon>
						<onclick>UpdateLibrary(video)</onclick>
						<visible>Library.IsScanningVideo + [Library.HasContent(movies) | Library.HasContent(tvshows) | Library.HasContent(musicvideos)]</visible>
						<visible>!Skin.HasSetting(ExtendedPowerMenu)</visible>
					</item>
					<item>
						<label>$LOCALIZE[40010]</label>
						<icon>special://skin/extras/icons/Power menu/updatemusic.png</icon>
						<onclick>UpdateLibrary(music)</onclick>
						<visible>!Library.IsScanningMusic + Library.HasContent(music)</visible>
						<visible>!Skin.HasSetting(ExtendedPowerMenu)</visible>
					</item>
					<item>
						<label>$LOCALIZE[40014]</label>
						<icon>special://skin/extras/icons/Power menu/cancel.png</icon>
						<onclick>UpdateLibrary(music)</onclick>
						<visible>Library.IsScanningMusic + Library.HasContent(music)</visible>
						<visible>!Skin.HasSetting(ExtendedPowerMenu)</visible>
					</item>
				</content>
			</control>
		</control>
		<include condition="!Skin.HasSetting(powermenu_list)">TopBar</include>
		<include condition="!Skin.HasSetting(powermenu_list)">BottomBar</include>
		<control type="group">
			<depth>DepthBars</depth>
			<animation effect="slide" end="0,-90" time="300" tween="sine" easing="inout" condition="$EXP[infodialog_active]">conditional</animation>
			<animation effect="fade" start="0" end="100" time="300">WindowOpen</animation>
			<animation effect="fade" start="100" end="0" time="200">WindowClose</animation>
			<visible>!Skin.HasSetting(powermenu_list)</visible>
			<top>20</top>
			<left>20</left>
			<control type="image">
				<aspectratio>keep</aspectratio>
				<width>56</width>
				<height>56</height>
				<texture colordiffuse="$VAR[LogoColorVar]">$VAR[LogoVar]</texture>
			</control>
			<control type="image">
				<left>55</left>
				<top>4</top>
				<aspectratio>keep</aspectratio>
				<width>202</width>
				<height>50</height>
				<texture>$VAR[LogoTextVar]</texture>
			</control>
		</control>
	</controls>
</window>