<?xml version="1.0" encoding="utf-8"?>
<window type="dialog" id="1134">
	<onload condition="System.AddonIsEnabled(script.module.pvr.artwork)">RunScript(script.module.pvr.artwork,get_artwork,prefix=PVR.Nextup&amp;title=$INFO[VideoPlayer.NextTitle]&amp;genre=$INFO[VideoPlayer.NextGenre]&amp;channel=$INFO[VideoPlayer.ChannelName])</onload>
	<onunload condition="System.AddonIsEnabled(script.module.pvr.artwork)">RunScript(script.module.pvr.artwork,clear_artwork,prefix=PVR.Nextup)</onunload>
	<visible>!Skin.HasSetting(disable_PVRNextUp) + VideoPlayer.HasEpg + Window.IsActive(fullscreenvideo) + VideoPlayer.Content(livetv) + !Window.IsVisible(videoosd) + !Window.IsVisible(seekbar) + !Window.IsVisible(pvrosdchannels) + !Window.IsVisible(tvguide) + !Window.IsVisible(Custom_1135_PVROverlay.xml) + !Window.IsVisible(Custom_1143_VideoInfo.xml)</visible>
	<controls>
		<control type="group">
			<visible>[Integer.IsEqual(PVR.EpgEventRemainingTime(hh),0) + Integer.IsEqual(PVR.EpgEventRemainingTime(mm),0) +  Integer.IsLess(PVR.EpgEventRemainingTime(ss),36) + Integer.IsGreater(PVR.EpgEventRemainingTime(ss),4)]</visible>
			<right>64</right>
			<bottom>90</bottom>
			<width>382</width>
			<height>308</height>
			<control type="image">
				<top>-217</top>
				<width>382</width>
				<height>215</height>
				<texture>$INFO[Window(Home).Property(PVR.Nextup.clearart)]</texture>
				<aspectratio>scale</aspectratio>
				<visible>!Skin.HasSetting(enable_playerclearart)</visible>
			</control>
			<control type="image">
				<width>382</width>
				<height>310</height>
				<texture colordiffuse="$VAR[BorderColorVar]">dialogs/border-picturelayout.png</texture>
				<aspectratio>stretch</aspectratio>
				<visible>Skin.HasSetting(show_borders)</visible>
			</control>
			<control type="image">
				<left>-18</left>
				<top>-18</top>
				<width>418</width>
				<height>344</height>
				<texture>dialogs/dialog-bg-nobo.png</texture>
				<aspectratio>stretch</aspectratio>
				<bordersize>20</bordersize>
				<visible>Skin.HasSetting(show_borders)</visible>
			</control>
			<control type="image">
				<left>-18</left>
				<top>-18</top>
				<width>418</width>
				<height>344</height>
				<texture>dialogs/dialog-bg-nobo.png</texture>
				<aspectratio>stretch</aspectratio>
				<bordertexture border="21">overlays/shadow.png</bordertexture>
				<bordersize>20</bordersize>
				<visible>!Skin.HasSetting(show_borders)</visible>
			</control>
			<control type="image">
				<left>2</left>
				<top>2</top>
				<width>378</width>
				<height>217</height>
				<texture colordiffuse="dialog_tint">colors/white.png</texture>
				<fadetime>200</fadetime>
			</control>
			<control type="image">
				<left>7</left>
				<top>7</top>
				<width>368</width>
				<height>207</height>
				<aspectratio align="center" aligny="center">keep</aspectratio>
				<texture fallback="windows/nextup/nextup.png">$VAR[PVRNextupVar]</texture>
				<fadetime>200</fadetime>
			</control>
			<control type="label">
				<left>12</left>
				<top>219</top>
				<width>368</width>
				<height>36</height>
				<aligny>center</aligny>
				<align>center</align>
				<font>font12</font>
				<textcolor>$VAR[SkinColorVar]</textcolor>
				<shadowcolor>black</shadowcolor>
				<label>$LOCALIZE[31396] $INFO[VideoPlayer.NextEndTime,$LOCALIZE[31574],)]</label>
				<scroll>true</scroll>
			</control>
			<control type="image">
				<left>2</left>
				<top>260</top>
				<width>378</width>
				<height>48</height>
				<texture colordiffuse="$VAR[SkinColorVar]">colors/white.png</texture>
			</control>
			<control type="label">
				<left>12</left>
				<top>260</top>
				<width>368</width>
				<height>48</height>
				<font>font12</font>
				<shadowcolor>black</shadowcolor>
				<align>center</align>
				<aligny>center</aligny>
				<textoffsetx>5</textoffsetx>
				<scroll>true</scroll>
				<label>$INFO[VideoPlayer.NextTitle]$INFO[VideoPlayer.NextGenre, (,)]</label>
			</control>
		</control>
	</controls>
</window>
