<?xml version="1.0" encoding="UTF-8"?>
<addon id="skin.estuary.pvr" version="4.1.1+nexus.10" name="Estuary MOD PVR Nexus" provider-name="PvD, PVR branch by Grabber66">
	<requires>
		<import addon="xbmc.python" version="3.0.1"/>
		<import addon="xbmc.gui" version="5.16.0"/>
		<import addon="script.skinshortcuts" version="1.1.3"/>
        	<import addon="script.image.resource.select" version="3.0.2"/>
		<import addon="script.module.pvr.artwork" version="2.0.0"/>
	</requires>
	<extension point="xbmc.gui.skin" debugging="false">
		<res width="1920" height="1440" aspect="4:3" default="false" folder="xml" />
		<res width="1920" height="1280" aspect="3:2" default="false" folder="xml" />
		<res width="1920" height="1200" aspect="16:10" default="false" folder="xml" />
		<res width="2040" height="1080" aspect="17:9" default="false" folder="xml" />
		<res width="1920" height="1080" aspect="16:9" default="true" folder="xml" />
		<res width="2338" height="1080" aspect="19.5:9" default="false" folder="xml" />
 		<res width="2160" height="1080" aspect="18:9" default="false" folder="xml" />
		<res width="2560" height="1080" aspect="21:9" default="false" folder="xml" />
	</extension>
	<extension point="xbmc.service" library="scripts/services.py" visible="!String.IsEmpty(Window(home).Property(CurrentSkin))" />
	<extension point="xbmc.python.script" library="scripts/helpers.py" />
	<extension point="kodi.context.item">
      	<menu id="kodi.core.main">
      		<item library="scripts/context_menu_jumptoletter.py">
 				<label>$LOCALIZE[31365]</label>
 				<visible>!String.IsEmpty(Window(home).Property(CurrentSkin)) + [String.IsEqual(ListItem.dbtype,movie) | String.IsEqual(ListItem.dbtype,set) | String.IsEqual(ListItem.dbtype,tvshow) | String.IsEqual(ListItem.dbtype,artist) | String.IsEqual(ListItem.dbtype,album) | String.IsEqual(ListItem.dbtype,musicvideo) | Container.Content(addons)] + !Window.IsVisible(Home)</visible>
 			</item>
      		<item library="scripts/context_menu_moviessets.py">
 				<label>$LOCALIZE[31381]</label>
 				<visible>!String.IsEmpty(Window(home).Property(CurrentSkin)) + String.IsEqual(ListItem.DBType,set) + !Window.IsVisible(Home)</visible>
 			</item>
    	</menu>
 	</extension>
	<extension point="xbmc.addon.metadata">
		<summary lang="en_GB">Estuary MOD PVR skin by PvD, adapted for PVR by Grabber66</summary>
		<description lang="en_GB">Estuary MOD V2 is a mod from Estuary by Guilouz for Kodi 18 and adapted for Kodi 20 (Nexus) by PvD from Kodinerds Community. It attempts to be easy for first time Kodi users to understand and use.</description>
		<disclaimer lang="en_GB">For better experience, be sure to install all addons required by the skin.</disclaimer>
		<platform>all</platform>
		<license>CC BY-SA 4.0, GNU GENERAL PUBLIC LICENSE Version 2.0</license>
		<source>https://github.com/b-jesch/skin.estuary.modv2</source>
			<assets>
				<icon>resources/icon.png</icon>
				<fanart>resources/fanart.jpg</fanart>
				<screenshot>resources/screenshots/screenshot_1.png</screenshot>
				<screenshot>resources/screenshots/screenshot_2.png</screenshot>
				<screenshot>resources/screenshots/screenshot_5.png</screenshot>
				<screenshot>resources/screenshots/screenshot_7.png</screenshot>
				<screenshot>resources/screenshots/screenshot_8.png</screenshot>
				<screenshot>resources/screenshots/screenshot_9.png</screenshot>
				<screenshot>resources/screenshots/screenshot_10.png</screenshot>
				<screenshot>resources/screenshots/screenshot_13.png</screenshot>
				<screenshot>resources/screenshots/screenshot_14.png</screenshot>
				<screenshot>resources/screenshots/screenshot_15.png</screenshot>
			</assets>
        <news>
        For a complete view of changes visit https://github.com/b-jesch/skin.estuary.modv2/tree/Nexus
        </news>
	</extension>
</addon>
