<?xml version="1.0" encoding="UTF-8"?>
<includes>
	<include name="View_507_Mosaic_Vertical">
		<control type="group">
			<include>OpenClose_Right</include>
			<visible>Control.IsVisible(507)</visible>
			<include>Visible_Right</include>
			<left>-10</left>
			<right>0</right>
			<top>-10</top>
			<animation effect="slide" end="5,0" time="0" condition="String.IsEqual(Skin.AspectRatio,21:9) + [Container.Content(movies) | Container.Content(sets) | Container.Content(tvshows) | Container.Content(seasons)]">Conditional</animation>
			<animation effect="slide" end="-17.5,0" time="0" condition="String.IsEqual(Skin.AspectRatio,21:9) + [Container.Content(artists) | Container.Content(albums) | Container.Content(musicvideos)]">Conditional</animation>
			<animation effect="slide" end="132,0" time="0" condition="String.IsEqual(Skin.AspectRatio,21:9) + [Container.Content(images) | String.StartsWith(Container.FolderPath,plugin://)]">Conditional</animation>
			<control type="panel" id="507">
				<top>0</top>
				<width>100%</width>
				<height>100%</height>
				<oninfo condition="String.IsEqual(ListItem.DBType,set)">ActivateWindow(1132)</oninfo>
				<onleft condition="!Skin.HasSetting(KioskMode)">9000</onleft>
				<onright>531</onright>
				<onup>507</onup>
				<ondown>507</ondown>
				<viewtype label="$LOCALIZE[40146]">icon</viewtype>
				<preloaditems>2</preloaditems>
				<pagecontrol>531</pagecontrol>
				<orientation>vertical</orientation>
				<scrolltime tween="cubic" easing="out">500</scrolltime>
				<visible>Container.Content(images) | Container.Content(movies) | Container.Content(sets) | Container.Content(tvshows) | Container.Content(seasons) | Container.Content(artists) | Container.Content(albums) | Container.Content(musicvideos) | String.StartsWith(Container.FolderPath,plugin://)</visible>
				<itemlayout height="225" width="376" condition="Container.Content(images) | String.StartsWith(Container.FolderPath,plugin://plugin.video)">
					<control type="group">
						<top>85</top>
						<left>5</left>
						<control type="image">
							<left>8</left>
							<top>8</top>
							<width>410</width>
							<height>259</height>
							<texture colordiffuse="$VAR[BorderColorVar]">colors/white.png</texture>
							<aspectratio>stretch</aspectratio>
							<bordertexture border="21">overlays/shadow.png</bordertexture>
							<bordersize>20</bordersize>
							<visible>Skin.HasSetting(show_borders)</visible>
						</control>
						<control type="image">
							<left>10</left>
							<top>10</top>
							<width>406</width>
							<height>255</height>
							<texture fallback="DefaultNoPreview.png" background="true">colors/black.png</texture>
							<bordersize>20</bordersize>
							<aspectratio>scale</aspectratio>
						</control>
						<control type="image">
							<left>10</left>
							<top>10</top>
							<width>406</width>
							<height>255</height>
							<texture fallback="DefaultNoPreview.png" background="true">$VAR[ShiftThumbVar]</texture>
							<bordersize>20</bordersize>
							<aspectratio>scale</aspectratio>
							<visible>Skin.HasSetting(show_borders)</visible>
						</control>
						<control type="image">
							<left>10</left>
							<top>10</top>
							<width>406</width>
							<height>255</height>
							<texture fallback="DefaultNoPreview.png" background="true">$VAR[ShiftThumbVar]</texture>
							<bordertexture border="21">overlays/shadow.png</bordertexture>
							<bordersize>20</bordersize>
							<aspectratio>scale</aspectratio>
							<visible>!Skin.HasSetting(show_borders)</visible>
						</control>
					</control>
				</itemlayout>
				<focusedlayout height="225" width="376" condition="Container.Content(images) | String.StartsWith(Container.FolderPath,plugin://plugin.video)">
					<control type="group">
						<top>85</top>
						<left>5</left>
						<animation type="Focus" condition="!Skin.HasSetting(no_animations)" reversible="false">
            				<effect type="zoom" end="110" time="75" tween="sine" easing="out" center="auto" />
            				<effect type="zoom" end="91" time="225" tween="sine" delay="100" easing="out" center="auto" />
       					 </animation>	
						<control type="image">
							<left>24</left>
							<top>24</top>
							<width>378</width>
							<height>227</height>
							<texture colordiffuse="$VAR[SkinColorVar]">colors/white.png</texture>
							<bordertexture border="21">overlays/shadow.png</bordertexture>
						</control>
						<control type="image">
							<left>24</left>
							<top>24</top>
							<width>378</width>
							<height>227</height>
							<texture colordiffuse="$VAR[GradientColorVar]">colors/gradient.png</texture>
							<visible>Skin.HasSetting(EnableGradientColor)</visible>
						</control>
						<control type="image">
							<left>10</left>
							<top>10</top>
							<width>406</width>
							<height>255</height>
							<texture fallback="DefaultNoPreview.png" background="true">$VAR[ShiftThumbVar]</texture>
							<bordersize>20</bordersize>
							<aspectratio>scale</aspectratio>
						</control>
					</control>
				</focusedlayout>
				<itemlayout height="225" width="225" condition="Container.Content(artists) | Container.Content(albums) | String.StartsWith(Container.FolderPath,plugin://plugin.audio)">
					<control type="group">
						<top>88</top>
						<left>45</left>
						<control type="image">
							<left>8</left>
							<top>8</top>
							<width>259</width>
							<height>259</height>
							<texture colordiffuse="$VAR[BorderColorVar]">colors/black.png</texture>
							<aspectratio>stretch</aspectratio>
							<bordertexture border="21">overlays/shadow.png</bordertexture>
							<bordersize>20</bordersize>
							<visible>Skin.HasSetting(show_borders)</visible>
						</control>
						<control type="image">
							<left>10</left>
							<top>10</top>
							<width>255</width>
							<height>255</height>
							<texture fallback="DefaultAudio.png" background="true">$VAR[InfoWallThumbVar]</texture>
							<bordersize>20</bordersize>
							<aspectratio>scale</aspectratio>
							<visible>Skin.HasSetting(show_borders)</visible>
						</control>
						<control type="image">
							<left>10</left>
							<top>10</top>
							<width>255</width>
							<height>255</height>
							<texture fallback="DefaultAudio.png" background="true">$VAR[InfoWallThumbVar]</texture>
							<bordertexture border="21">overlays/shadow.png</bordertexture>
							<bordersize>20</bordersize>
							<aspectratio>scale</aspectratio>
							<visible>!Skin.HasSetting(show_borders)</visible>
						</control>
						<control type="image">
							<left>30</left>
							<top>30</top>
							<width>215</width>
							<height>215</height>
							<texture background="true" colordiffuse="BFFFFFFF">colors/black.png</texture>
							<aspectratio>scale</aspectratio>
							<visible>Skin.HasSetting(greyedout_watched) + Integer.IsGreater(ListItem.Playcount,0) + Container.Content(musicvideos) + !Skin.HasSetting(show_borders)</visible>
						</control>
						<control type="image">
							<left>28</left>
							<top>28</top>
							<width>219</width>
							<height>219</height>
							<texture background="true" colordiffuse="BFFFFFFF">colors/black.png</texture>
							<aspectratio>scale</aspectratio>
							<visible>Skin.HasSetting(greyedout_watched) + Integer.IsGreater(ListItem.Playcount,0) + Container.Content(musicvideos) + Skin.HasSetting(show_borders)</visible>
						</control>
					</control>
				</itemlayout>
				<focusedlayout height="225" width="225" condition="Container.Content(artists) | Container.Content(albums) | String.StartsWith(Container.FolderPath,plugin://plugin.audio)">
					<control type="group">
						<top>88</top>
						<left>45</left>
						<animation type="Focus" condition="!Skin.HasSetting(no_animations)" reversible="false">
            				<effect type="zoom" end="110" time="75" tween="sine" easing="out" center="auto" />
            				<effect type="zoom" end="91" time="225" tween="sine" delay="100" easing="out" center="auto" />
       					 </animation>	
						<control type="image">
							<left>24</left>
							<top>24</top>
							<width>227</width>
							<height>227</height>
							<texture colordiffuse="$VAR[SkinColorVar]">colors/white.png</texture>
							<bordertexture border="21">overlays/shadow.png</bordertexture>
						</control>
						<control type="image">
							<left>24</left>
							<top>24</top>
							<width>227</width>
							<height>227</height>
							<texture colordiffuse="$VAR[GradientColorVar]">colors/gradient.png</texture>
							<visible>Skin.HasSetting(EnableGradientColor)</visible>
						</control>
						<control type="group">
							<control type="image">
								<left>10</left>
								<top>10</top>
								<width>255</width>
								<height>255</height>
								<texture fallback="DefaultAudio.png" background="true">$VAR[InfoWallThumbVar]</texture>
								<bordersize>20</bordersize>
								<aspectratio>scale</aspectratio>
							</control>
							<control type="group">
								<left>30</left>
								<top>200</top>
								<control type="image">
									<width>215</width>
									<height>45</height>
									<texture>dialogs/back.png</texture>
								</control>
								<control type="label">
									<left>10</left>
									<width>195</width>
									<height>45</height>
									<align>center</align>
									<aligny>center</aligny>
									<font>font12</font>
									<label>$INFO[ListItem.Label]</label>
									<scroll>true</scroll>
									<visible>!Container.Content(albums)</visible>
								</control>
								<control type="label">
									<left>10</left>
									<width>195</width>
									<height>45</height>
									<align>center</align>
									<aligny>center</aligny>
									<font>font12</font>
									<label>$INFO[ListItem.Artist,, - ]$INFO[ListItem.Label]</label>
									<scroll>true</scroll>
									<visible>Container.Content(albums)</visible>
								</control>
							</control>
						</control>
					</control>
				</focusedlayout>
				<itemlayout height="300" width="210" condition="Container.Content(movies) | Container.Content(sets) | Container.Content(tvshows) | Container.Content(seasons) | Container.Content(musicvideos)">
					<control type="group">
						<top>88</top>
						<control type="image">
							<left>8</left>
							<top>8</top>
							<width>244</width>
							<height>334</height>
							<texture colordiffuse="$VAR[BorderColorVar]">colors/white.png</texture>
							<aspectratio>stretch</aspectratio>
							<bordertexture border="21">overlays/shadow.png</bordertexture>
							<bordersize>20</bordersize>
							<visible>Skin.HasSetting(show_borders)</visible>
						</control>
						<control type="image">
							<left>10</left>
							<top>10</top>
							<width>240</width>
							<height>330</height>
							<texture fallback="DefaultVideo.png" background="true">$VAR[ShiftThumbVar]</texture>
							<bordersize>20</bordersize>
							<aspectratio>scale</aspectratio>
							<visible>Skin.HasSetting(show_borders)</visible>
						</control>
						<control type="image">
							<left>10</left>
							<top>10</top>
							<width>240</width>
							<height>330</height>
							<texture fallback="DefaultVideo.png" background="true">$VAR[ShiftThumbVar]</texture>
							<bordertexture border="21">overlays/shadow.png</bordertexture>
							<bordersize>20</bordersize>
							<aspectratio>scale</aspectratio>
							<visible>!Skin.HasSetting(show_borders)</visible>
						</control>
						<control type="image">
							<left>30</left>
							<top>250</top>
							<width>70</width>
							<height>70</height>
							<texture>overlays/overlay-bg.png</texture>
							<visible>ListItem.IsResumable | Listitem.IsCollection | ListItem.IsPlaying | Integer.IsGreater(ListItem.Playcount,0)</visible>
						</control>
						<control type="image">
							<left>30</left>
							<top>290</top>
							<width>28</width>
							<height>28</height>
							<texture>$VAR[WallWatchedIconVar]</texture>
						</control>
						<control type="image">
							<left>30</left>
							<top>30</top>
							<width>200</width>
							<height>290</height>
							<texture background="true" colordiffuse="BFFFFFFF">colors/black.png</texture>
							<aspectratio>stretch</aspectratio>
							<visible>Skin.HasSetting(greyedout_watched) + Integer.IsGreater(ListItem.Playcount,0) + !Skin.HasSetting(show_borders)</visible>
						</control>
						<control type="image">
							<left>28</left>
							<top>28</top>
							<width>204</width>
							<height>294</height>
							<texture background="true" colordiffuse="BFFFFFFF">colors/black.png</texture>
							<aspectratio>stretch</aspectratio>
							<visible>Skin.HasSetting(greyedout_watched) + Integer.IsGreater(ListItem.Playcount,0) + Skin.HasSetting(show_borders)</visible>
						</control>
					</control>
				</itemlayout>
				<focusedlayout height="300" width="210" condition="Container.Content(movies) | Container.Content(sets) | Container.Content(tvshows) | Container.Content(seasons) | Container.Content(musicvideos)">
				<control type="group">
					<animation type="Focus" condition="!Skin.HasSetting(no_animations)" reversible="false">
            			<effect type="zoom" end="110" time="75" tween="sine" easing="out" center="auto" />
            			<effect type="zoom" end="91" time="225" tween="sine" delay="100" easing="out" center="auto" />
       				 </animation>
					<control type="group">
						<top>88</top>
						<control type="image">
							<left>24</left>
							<top>24</top>
							<width>212</width>
							<height>302</height>
							<texture colordiffuse="$VAR[SkinColorVar]">colors/white.png</texture>
							<bordertexture border="21">overlays/shadow.png</bordertexture>
						</control>
						<control type="image">
							<left>24</left>
							<top>24</top>
							<width>212</width>
							<height>302</height>
							<texture colordiffuse="$VAR[GradientColorVar]">colors/gradient.png</texture>
							<visible>Skin.HasSetting(EnableGradientColor)</visible>
						</control>
						<control type="image">
							<left>10</left>
							<top>10</top>
							<width>240</width>
							<height>330</height>
							<texture fallback="DefaultVideo.png" background="true">$VAR[ShiftThumbVar]</texture>
							<bordersize>20</bordersize>
							<aspectratio>scale</aspectratio>
						</control>
						<control type="image">
							<left>30</left>
							<top>250</top>
							<width>70</width>
							<height>70</height>
							<texture>overlays/overlay-bg.png</texture>
							<visible>ListItem.IsResumable | Listitem.IsCollection | ListItem.IsPlaying | Integer.IsGreater(ListItem.Playcount,0)</visible>
						</control>
						<control type="image">
							<left>30</left>
							<top>290</top>
							<width>28</width>
							<height>28</height>
							<texture>$VAR[WallWatchedIconVar]</texture>
						</control>
					</control>
				</control>	
				</focusedlayout>
			</control>
		</control>
	</include>
</includes>