<?xml version="1.0" encoding="UTF-8"?>
<window>
	<defaultcontrol always="true">50</defaultcontrol>
	<backgroundcolor>background</backgroundcolor>
	<views>50,51</views>
	<menucontrol>9000</menucontrol>
	<controls>
		<include>DefaultBackground</include>
		<control type="group">
			<animation effect="fade" start="100" end="0" time="200" tween="sine" condition="$EXP[infodialog_active]">Conditional</animation>
			<control type="group">
				<description>Guide Timeline</description>
				<visible>Control.IsVisible(50) | Control.IsVisible(51)</visible>
				<include>OpenClose_Right</include>
				<include>Visible_Right</include>
				<control type="group">
					<top>140</top>
					<depth>DepthContentPanel</depth>
					<control type="image">
						<left>0</left>
						<top>-10</top>
						<width>100%</width>
						<bottom>402</bottom>
						<texture colordiffuse="E6FFFFFF">dialogs/dialog-bg-nobo.png</texture>
						<visible>Skin.HasSetting(ShowPVRGroups)</visible>
					</control>
					<control type="image">
						<left>0</left>
						<top>44</top>
						<width>100%</width>
						<bottom>348</bottom>
						<texture colordiffuse="E6FFFFFF">dialogs/dialog-bg-nobo.png</texture>
						<visible>!Skin.HasSetting(ShowPVRGroups) + Control.IsVisible(50)</visible>
					</control>
					<control type="image">
						<left>0</left>
						<top>44</top>
						<width>100%</width>
						<bottom>358</bottom>
						<texture colordiffuse="E6FFFFFF">dialogs/dialog-bg-nobo.png</texture>
						<visible>!Skin.HasSetting(ShowPVRGroups) + Control.IsVisible(51)</visible>
					</control>
					<control type="image">
						<left>0</left>
						<top>-10</top>
						<width>100%</width>
						<height>44</height>
						<texture colordiffuse="E6FFFFFF">dialogs/dialog-bg-nobo.png</texture>
						<visible>!Skin.HasSetting(ShowPVRGroups)</visible>
					</control>
					<control type="image">
 					<left>10</left>
 						<top>-3</top>
 						<width>20</width>
 						<height>30</height>
 						<texture>icons/keyboard/arrowleft.png</texture>
 						<animation effect="fade" start="0" end="100" time="150">VisibleChange</animation>
 						<visible>!Skin.HasSetting(ShowPVRGroups) + Control.HasFocus(11)</visible>
 					</control>
 					<control type="image">
 						<right>10</right>
 						<top>-3</top>
 						<width>20</width>
 						<height>30</height>
 						<texture>icons/keyboard/arrowright.png</texture>
 						<animation effect="fade" start="0" end="100" time="150">VisibleChange</animation>
 						<visible>!Skin.HasSetting(ShowPVRGroups) + Control.HasFocus(11)</visible>
 					</control>
					<control type="list" id="11">
						<top>-10</top>
						<left>40</left>
						<right>40</right>
						<onleft condition="!Skin.HasSetting(KioskMode)">9000</onleft>
						<onright>noop</onright>
						<onup condition="Control.IsVisible(50)">50</onup>
						<onup condition="Control.IsVisible(51)">51</onup>
						<ondown condition="Control.IsVisible(50)">50</ondown>
						<ondown condition="Control.IsVisible(51)">51</ondown>
						<orientation>horizontal</orientation>
						<focusposition>3</focusposition>
						<scrolltime tween="quadratic" easing="out">300</scrolltime>
						<visible>!Skin.HasSetting(ShowPVRGroups)</visible>
						<itemlayout height="44" width="368">
							<control type="label">
								<top>-4</top>
								<left>5</left>
								<width>358</width>
								<align>center</align>
								<aligny>center</aligny>
								<label>$INFO[ListItem.Label]</label>
							</control>
						</itemlayout>
						<focusedlayout height="44" width="368">
							<control type="image">
								<left>0</left>
								<width>368</width>
								<height>44</height>
								<texture colordiffuse="$VAR[SkinColorVar]">lists/focus.png</texture>
								<visible>Control.HasFocus(11)</visible>
							</control>
							<control type="image">
								<left>0</left>
								<width>368</width>
								<height>44</height>
								<texture colordiffuse="$VAR[SkinColorVar]">lists/nofocus.png</texture>
								<visible>!Control.HasFocus(11)</visible>
							</control>
							<control type="label">
								<top>-4</top>
								<left>5</left>
								<width>358</width>
								<align>center</align>
								<aligny>center</aligny>
								<scroll>true</scroll>
								<label>$INFO[ListItem.Label]</label>
								<visible>Control.HasFocus(11)</visible>
							</control>
							<control type="label">
								<top>-4</top>
								<left>5</left>
								<width>358</width>
								<align>center</align>
								<aligny>center</aligny>
								<scroll>true</scroll>
								<label>$INFO[ListItem.Label]</label>
								<visible>!Control.HasFocus(11)</visible>
							</control>
						</focusedlayout>
					</control>
					<control type="epggrid" id="50">
						<left>0</left>
						<top>0</top>
						<right>20</right>
						<bottom>405</bottom>
						<pagecontrol>60</pagecontrol>
						<scrolltime tween="quadratic" easing="out">300</scrolltime>
						<timeblocks>30</timeblocks>
						<rulerunit>3</rulerunit>
						<onleft condition="!Skin.HasSetting(KioskMode)">9000</onleft>
						<onright>60</onright>
						<onup condition="Skin.HasSetting(ShowPVRGroups)">50</onup>
						<onup condition="!Skin.HasSetting(ShowPVRGroups)">11</onup>
						<ondown condition="Skin.HasSetting(ShowPVRGroups)">50</ondown>
						<ondown condition="Skin.HasSetting(ShowPVRGroups)">11</ondown>
						<viewtype label="19297">list</viewtype>
						<progresstexture border="0,60,18,14" colordiffuse="$VAR[SkinColorVar]">windows/pvr/epg_progress.png</progresstexture>
						<animation effect="slide" end="0,54" time="0" condition="!Skin.HasSetting(ShowPVRGroups) + Control.IsVisible(50)">Conditional</animation>
						<animation effect="slide" end="0,44" time="0" condition="!Skin.HasSetting(ShowPVRGroups) + Control.IsVisible(51)">Conditional</animation>
						<rulerlayout height="45" width="390">
							<control type="label">
								<top>-5</top>
								<width>350</width>
								<height>45</height>
								<font>font13</font>
								<label>$INFO[ListItem.Label]</label>
								<textoffsetx>10</textoffsetx>
								<textcolor>$VAR[SkinColorVar]</textcolor>
							</control>
						</rulerlayout>
						<channellayout height="70" width="390">
							<control type="image">
								<left>7</left>
								<top>3</top>
								<width>74</width>
								<height>64</height>
								<texture fallback="DefaultTVGuide.png">$INFO[ListItem.Icon]</texture>
								<aspectratio align="center" aligny="center">keep</aspectratio>
								<visible>Skin.HasSetting(ShowPVRChannelNumbers)</visible>
							</control>
							<control type="label">
								<left>7</left>
								<top>3</top>
								<width>74</width>
								<height>64</height>
								<align>center</align>
								<aligny>center</aligny>
								<font>font32_title</font>
								<label>$INFO[ListItem.ChannelNumberLabel]</label>
								<shadowcolor>text_shadow</shadowcolor>
								<visible>!Skin.HasSetting(ShowPVRChannelNumbers)</visible>
							</control>
							<control type="label" id="1">
								<left>78</left>
								<top>0</top>
								<width>316</width>
								<height>70</height>
								<font>font13</font>
								<label>$INFO[ListItem.ChannelName]</label>
								<aligny>center</aligny>
								<textoffsetx>10</textoffsetx>
							</control>
						</channellayout>
						<focusedchannellayout height="70" width="390">
							<control type="image">
								<top>3</top>
								<left>0</left>
								<width>386</width>
								<height>64</height>
								<texture colordiffuse="$VAR[SkinColorVar]">lists/focus.png</texture>
							</control>
							<control type="image">
								<left>7</left>
								<top>3</top>
								<width>74</width>
								<height>64</height>
								<texture fallback="DefaultTVGuide.png">$INFO[ListItem.Icon]</texture>
								<aspectratio align="center" aligny="center">keep</aspectratio>
								<visible>Skin.HasSetting(ShowPVRChannelNumbers)</visible>
							</control>
							<control type="label">
								<left>7</left>
								<top>3</top>
								<width>74</width>
								<height>64</height>
								<align>center</align>
								<aligny>center</aligny>
								<font>font32_title</font>
								<label>$INFO[ListItem.ChannelNumberLabel]</label>
								<shadowcolor>text_shadow</shadowcolor>
								<visible>!Skin.HasSetting(ShowPVRChannelNumbers)</visible>
							</control>
							<control type="label" id="1">
								<left>78</left>
								<top>0</top>
								<width>316</width>
								<height>70</height>
								<font>font13</font>
								<label>$INFO[ListItem.ChannelName]</label>
								<aligny>center</aligny>
								<textoffsetx>10</textoffsetx>
								<scroll>true</scroll>
							</control>
						</focusedchannellayout>
						<itemlayout height="70" width="60">
							<control type="image" id="2">
								<top>1</top>
								<width>58</width>
								<height>68</height>
								<texture border="3" fallback="windows/pvr/epg-genres/0.png">$VAR[PVRGenresVar]</texture>
							</control>
							<control type="label" id="1">
								<left>6</left>
								<top>5</top>
								<width>50</width>
								<height>36</height>
								<aligny>center</aligny>
								<font>font13</font>
								<label>$INFO[ListItem.Label]</label>
							</control>
							<control type="image">
								<left>6</left>
								<top>43</top>
								<width>20</width>
								<height>20</height>
								<texture>$VAR[PVRTimerIcon]</texture>
							</control>
						</itemlayout>
						<focusedlayout height="70" width="60">
							<control type="image" id="2">
								<top>3</top>
								<left>2</left>
								<width>54</width>
								<height>64</height>
								<texture colordiffuse="$VAR[SkinColorVar]">lists/focus.png</texture>
								<visible>Control.HasFocus(50)</visible>
							</control>
							<control type="image" id="2">
								<top>1</top>
								<width>58</width>
								<height>68</height>
								<texture border="8" colordiffuse="$VAR[SkinColorVar]">buttons/thumbnail_focused.png</texture>
							</control>
							<control type="image" id="2">
								<top>1</top>
								<width>58</width>
								<height>68</height>
								<texture border="3" fallback="windows/pvr/epg-genres/0.png">$VAR[PVRGenresVar]</texture>
								<visible>!Control.HasFocus(50)</visible>
							</control>
							<control type="label" id="1">
								<left>6</left>
								<top>5</top>
								<width>50</width>
								<height>36</height>
								<aligny>center</aligny>
								<font>font13</font>
								<label>$INFO[ListItem.Label]</label>
								<scroll>true</scroll>
							</control>
							<control type="image">
								<left>6</left>
								<top>43</top>
								<width>20</width>
								<height>20</height>
								<texture>$VAR[PVRTimerIcon]</texture>
							</control>
						</focusedlayout>
					</control>
					<control type="epggrid" id="51">
						<left>0</left>
						<top>0</top>
						<right>15</right>
						<bottom>405</bottom>
						<orientation>horizontal</orientation>
						<pagecontrol>60</pagecontrol>
						<scrolltime tween="quadratic" easing="out">300</scrolltime>
						<timeblocks>30</timeblocks>
						<rulerunit>3</rulerunit>
						<onleft condition="!Skin.HasSetting(KioskMode)">9000</onleft>
						<onright>60</onright>
						<onup condition="Skin.HasSetting(ShowPVRGroups)">51</onup>
						<onup condition="!Skin.HasSetting(ShowPVRGroups)">11</onup>
						<ondown condition="Skin.HasSetting(ShowPVRGroups)">51</ondown>
						<ondown condition="Skin.HasSetting(ShowPVRGroups)">11</ondown>
						<viewtype label="19298">list</viewtype>
						<progresstexture border="5,10,5,10" colordiffuse="$VAR[SkinColorVar]">windows/pvr/epg_progress_horizontal.png</progresstexture>
						<animation effect="slide" end="0,44" time="0" condition="!Skin.HasSetting(ShowPVRGroups)">Conditional</animation>
						<rulerdatelayout height="45" width="1920">
							<control type="label">
								<top>0</top>
								<left>10</left>
								<right>0</right>
								<height>45</height>
								<font>font13</font>
								<label>$INFO[ListItem.Label]</label>
								<textcolor>$VAR[SkinColorVar]</textcolor>
								<align>left</align>
								<aligny>center</aligny>
							</control>
						</rulerdatelayout>
						<rulerlayout height="70" width="100">
							<control type="label">
								<top>-25</top>
								<width>100</width>
								<height>70</height>
								<font>font13</font>
								<label>$INFO[ListItem.Label]</label>
								<textoffsetx>10</textoffsetx>
								<textcolor>$VAR[SkinColorVar]</textcolor>
							</control>
						</rulerlayout>
						<channellayout height="58" width="363">
							<control type="image" id="121212">
								<left>2</left>
								<top>3</top>
								<width>85</width>
								<height>50</height>
								<texture fallback="fallback.png">$INFO[ListItem.Icon]</texture>
								<aspectratio align="center" aligny="center">keep</aspectratio>
							</control>
							<control type="label">
								<left>2</left>
								<top>-2</top>
								<width>85</width>
								<height>60</height>
								<font>font24_title</font>
								<label>$INFO[ListItem.ChannelNumber]</label>
								<align>center</align>
								<aligny>center</aligny>
								<visible>String.IsEqual(Control.GetLabel(121212),fallback.png)</visible>
							</control>
							<control type="label" id="1">
								<left>90</left>
								<top>-2</top>
								<width>271</width>
								<height>60</height>
								<font>font13</font>
								<label>$INFO[ListItem.ChannelName]</label>
								<aligny>center</aligny>
								<textoffsetx>10</textoffsetx>
							</control>
						</channellayout>
						<focusedchannellayout height="58" width="363">
							<control type="image" id="121213">
								<left>2</left>
								<top>3</top>
								<width>85</width>
								<height>50</height>
								<texture fallback="fallback.png">$INFO[ListItem.Icon]</texture>
								<aspectratio align="center" aligny="center">keep</aspectratio>
							</control>
							<control type="label">
								<left>2</left>
								<top>-2</top>
								<width>85</width>
								<height>60</height>
								<font>font24_title</font>
								<label>$INFO[ListItem.ChannelNumber]</label>
								<textcolor>$VAR[SkinColorVar]</textcolor>
								<align>center</align>
								<aligny>center</aligny>
								<visible>String.IsEqual(Control.GetLabel(121213),fallback.png)</visible>
							</control>
							<control type="label" id="1">
								<left>90</left>
								<top>-2</top>
								<width>271</width>
								<height>60</height>
								<font>font13</font>
								<label>$INFO[ListItem.ChannelName]</label>
								<scroll>true</scroll>
								<textcolor>$VAR[SkinColorVar]</textcolor>
								<aligny>center</aligny>
								<textoffsetx>10</textoffsetx>
							</control>
						</focusedchannellayout>
						<itemlayout height="58" width="60">
							<control type="image" id="2">
								<width>58</width>
								<height>58</height>
								<texture border="3" fallback="windows/pvr/epg-genres/0.png">$VAR[PVRGenresVar]</texture>
							</control>
							<control type="label" id="1">
								<left>7</left>
								<top>0</top>
								<width>50</width>
								<height>36</height>
								<aligny>center</aligny>
								<font>font12</font>
								<label>$INFO[ListItem.Label]</label>
							</control>
							<control type="image">
								<left>6</left>
								<top>34</top>
								<width>20</width>
								<height>20</height>
								<texture>$VAR[PVRTimerIcon]</texture>
							</control>
						</itemlayout>
						<focusedlayout height="58" width="60">
							<control type="image" id="2">
								<top>2</top>
								<left>2</left>
								<width>54</width>
								<height>54</height>
								<texture colordiffuse="$VAR[SkinColorVar]">lists/focus.png</texture>
								<visible>Control.HasFocus(51)</visible>
							</control>
							<control type="image" id="2">
								<width>58</width>
								<height>58</height>
								<texture border="8" colordiffuse="$VAR[SkinColorVar]">buttons/thumbnail_focused.png</texture>
							</control>
							<control type="image" id="2">
								<width>58</width>
								<height>58</height>
								<top>0</top>
								<texture border="3" fallback="windows/pvr/epg-genres/0.png">$VAR[PVRGenresVar]</texture>
								<visible>!Control.HasFocus(51)</visible>
							</control>
							<control type="label" id="1">
								<left>7</left>
								<top>0</top>
								<width>50</width>
								<height>36</height>
								<aligny>center</aligny>
								<font>font12</font>
								<label>$INFO[ListItem.Label]</label>
								<scroll>true</scroll>
							</control>
							<control type="image">
								<left>6</left>
								<top>34</top>
								<width>20</width>
								<height>20</height>
								<texture>$VAR[PVRTimerIcon]</texture>
							</control>
						</focusedlayout>
					</control>
					<control type="scrollbar" id="60">
						<right>0</right>
						<top>103</top>
						<width>12</width>
						<bottom>408</bottom>
						<onleft>50</onleft>
						<onright>50</onright>
						<orientation>vertical</orientation>
						<texturesliderbackground colordiffuse="22FFFFFF">colors/white.png</texturesliderbackground>
						<animation effect="fade" start="100" end="40" time="0" condition="!system.getbool(input.enablemouse)">Conditional</animation>
						<visible>Control.IsVisible(51)</visible>
						<animation effect="slide" end="0,44" time="0" condition="!Skin.HasSetting(ShowPVRGroups)">Conditional</animation>
					</control>
					<control type="scrollbar" id="60">
						<right>0</right>
						<top>47</top>
						<width>12</width>
						<bottom>408</bottom>
						<onleft>10</onleft>
						<onright>10</onright>
						<orientation>vertical</orientation>
						<texturesliderbackground colordiffuse="22FFFFFF">colors/white.png</texturesliderbackground>
						<animation effect="fade" start="100" end="40" time="0" condition="!system.getbool(input.enablemouse)">Conditional</animation>
						<visible>Control.IsVisible(50)</visible>
						<animation effect="slide" end="0,54" time="0" condition="!Skin.HasSetting(ShowPVRGroups)">Conditional</animation>
					</control>
				</control>
				<include content="BottomBar">
					<param name="info_visible" value="true" />
				</include>
				<control type="group">
					<bottom>0</bottom>
					<height>365</height>
					<animation effect="slide" end="0,44" time="0" condition="!Skin.HasSetting(ShowPVRGroups)">Conditional</animation>
					<control type="videowindow">
						<left>25</left>
						<width>340</width>
						<height>262</height>
						<visible>Player.HasVideo</visible>
						<visible>!Window.IsVisible(DialogPVRInfo.xml)</visible>
					</control>
					<control type="image">
						<left>25</left>
						<width>340</width>
						<height>262</height>
						<aspectratio align="center" aligny="center">keep</aspectratio>
						<texture fallback="DefaultTVGuide.png">$VAR[PVRArtworksVar]</texture>
						<visible>!Player.HasVideo</visible>
					</control>
					<include content="BusyPvrArtworkSpinner">
						<param name="top" value="91" />
						<param name="left" value="155" />
					</include>
					<control type="label">
						<top>-9</top>
						<left>395</left>
						<right>620</right>
						<height>30</height>
						<textcolor>$VAR[SkinColorVar]</textcolor>
						<label>[B]$INFO[ListItem.StartTime,, - ]$INFO[ListItem.EndTime]$INFO[ListItem.EpgEventTitle,  [COLOR white],[/COLOR]][COLOR white]$VAR[SeasonEpisodeLabel][/COLOR][/B]</label>
						<scroll>true</scroll>
					</control>
					<control type="label">
						<top>-3</top>
						<left>1350</left>
						<right>30</right>
						<height>30</height>
						<align>right</align>
						<aligny>center</aligny>
						<font>font12</font>
						<textcolor>$VAR[SkinColorVar]</textcolor>
						<label>[B]$INFO[ListItem.Genre, $LOCALIZE[515] : [COLOR white],[/COLOR]][/B]</label>
						<scroll>true</scroll>
					</control>
					<control type="textbox">
						<left>395</left>
						<top>43</top>
						<right>30</right>
						<height>200</height>
						<font>font12</font>
						<align>justify</align>
						<label>$INFO[ListItem.Plot]</label>
						<autoscroll delay="10000" time="3000" repeat="10000">Skin.HasSetting(AutoScroll)</autoscroll>
						<visible>!String.IsEqual(Skin.Font, Arial)</visible>
					</control>
					<control type="textbox">
						<left>395</left>
						<top>43</top>
						<right>30</right>
						<height>200</height>
						<align>justify</align>
						<label>$INFO[ListItem.Plot]</label>
						<autoscroll delay="10000" time="3000" repeat="10000">Skin.HasSetting(AutoScroll)</autoscroll>
						<visible>String.IsEqual(Skin.Font, Arial)</visible>
					</control>
				</control>
				<control type="group">
						<bottom>0</bottom>
						<height>70</height>
						<right>-15</right>
						<include content="MediaFlagsInfoDialogRight">
							<param name="align" value="right" />
							<param name="pvr" value="true" />
						</include>
					</control>
			</control>
			<include>PVRChannelNumberInput</include>
			<include content="TopBar">
				<param name="breadcrumbs_label" value="$VAR[BreadcrumbsPVRGuideVar]" />
				<param name="sublabel" value="" />
			</include>
			<control type="group">
				<include>MediaMenuCommon</include>
				<include content="PVRSideBar">
					<param name="group_label2" value="$INFO[Control.GetLabel(30)]" />
				</include>
			</control>
		</control>
		<control type="label" id="29">
			<include>HiddenObject</include>
		</control>
		<control type="label" id="30">
			<include>HiddenObject</include>
		</control>
	</controls>
</window>