<?xml version="1.0" encoding="UTF-8"?>
<window>
	<defaultcontrol always="true">8</defaultcontrol>
	<onload>SetProperty(infobackground,$ESCINFO[ListItem.Art(fanart)],home)</onload>
	<onload condition="Integer.IsGreater(ListItem.PercentPlayed,0)">SetFocus(446)</onload>
	<onload condition="Skin.HasSetting(tomatometerallcritics) + !String.IsEmpty(ListItem.Rating(tomatometerallcritics))">RunScript(script.embuary.helper,action=calc,do='"int($INFO[ListItem.Rating(tomatometerallcritics)] * 10)"',prop=rotten)</onload>
	<onload condition="Skin.HasSetting(tomatometeravgcritics) + !String.IsEmpty(ListItem.Rating(tomatometeravgcritics))">RunScript(script.embuary.helper,action=calc,do='"int($INFO[ListItem.Rating(tomatometeravgcritics)] * 10)"',prop=rotten)</onload>
	<onload condition="Skin.HasSetting(tomatometerallaudience) + !String.IsEmpty(ListItem.Rating(tomatometerallaudience))">RunScript(script.embuary.helper,action=calc,do='"int($INFO[ListItem.Rating(tomatometerallaudience)] * 10)"',prop=rotten)</onload>
	<onload condition="Skin.HasSetting(tomatometeravgaudience) + !String.IsEmpty(ListItem.Rating(tomatometeravgaudience))">RunScript(script.embuary.helper,action=calc,do='"int($INFO[ListItem.Rating(tomatometeravgaudience)] * 10)"',prop=rotten)</onload>
	<onload condition="!String.IsEmpty(ListItem.Rating(metacritic))">RunScript(script.embuary.helper,action=calc,do='"int($INFO[ListItem.Rating(metacritic)] * 10)"',prop=metacritic)</onload>
	<onload condition="!String.StartsWith(ListItem.FileNameAndPath,'plugin://') + [String.IsEmpty(ListItem.Size) | String.StartsWith(ListItem.Size,0.00)]">RunScript(skin.estuary.modv2,getFileSize,$ESCINFO[ListItem.FileNameAndPath])</onload>
	<onunload>ClearProperty(infobackground,home)</onunload>
	<onunload>ClearProperty(rotten,home)</onunload>
	<onunload>ClearProperty(metacritic,home)</onunload>
	<onunload>ClearProperty(size,home)</onunload>
	<controls>
		<include condition="Window.IsVisible(Custom_1132_MoviesSetsInfo.xml)">DefaultBackground</include>
		<control type="group">
			<control type="group">
				<top>50</top>
				<left>50</left>
				<visible>![Player.HasVideo + String.IsEqual(Window(Home).Property(TrailerPlaying),439)]</visible>
				<include>OpenClose_Right</include>
				<control type="image">
					<top>-20</top>
					<left>-20</left>
					<width>280</width>
					<height>400</height>
					<texture>colors/black.png</texture>
					<bordertexture border="21">overlays/shadow.png</bordertexture>
					<bordersize>20</bordersize>
				</control>
				<control type="image">
					<depth>DepthContentPopout</depth>
					<left>0</left>
					<top>0</top>
					<width>240</width>
					<height>360</height>
					<aspectratio>scale</aspectratio>
					<texture fallback="DefaultVideo.png">$VAR[InfoDialogPosterVar]</texture>
				</control>
			</control>
			<control type="image" id="3336">
				<top>140</top>
				<right>50</right>
				<width>310</width>
				<height>190</height>
				<aspectratio align="right" aligny="bottom">keep</aspectratio>
				<texture background="true" fallback="fallback.png">$VAR[ClearArtVar]</texture>
				<include>OpenClose_Right</include>
				<visible>![Player.HasVideo + String.IsEqual(Window(Home).Property(TrailerPlaying),439)] + !Skin.HasSetting(enable_LibraryClearArt)</visible>
			</control>
			<control type="image" id="3334">
				<right>50</right>
				<top>485</top>
				<width>284</width>
				<height>110</height>
				<aspectratio align="right" aligny="center">keep</aspectratio>
				<texture background="true" fallback="fallback.png">$VAR[ClearLogoVar]</texture>
				<visible>![Player.HasVideo + String.IsEqual(Window(Home).Property(TrailerPlaying),439)] + !Skin.HasSetting(enable_LibraryClearLogo)</visible>
			</control>
			<control type="group">
				<include>OpenClose_Right</include>
				<visible>![Player.HasVideo + String.IsEqual(Window(Home).Property(TrailerPlaying),439)]</visible>
				<left>330</left>
				<right>30</right>
				<top>50</top>
				<control type="image">
					<top>-100</top>
					<left>-120</left>
					<right>200</right>
					<height>650</height>
					<aspectratio>stretch</aspectratio>
					<texture colordiffuse="$VAR[BackgroundColorVar]" diffuse="overlays/dialoginfo_text.png">colors/grey50.png</texture>
					<visible>!Skin.HasSetting(enable_LibraryClearArt) + !String.IsEqual(Control.GetLabel(3336),fallback.png)</visible>
					</control>
				<control type="image">
					<top>-100</top>
					<left>-150</left>
					<right>-100</right>
					<height>650</height>
					<aspectratio>stretch</aspectratio>
					<texture colordiffuse="$VAR[BackgroundColorVar]" diffuse="overlays/dialoginfo_text.png">colors/grey50.png</texture>
					<visible>Skin.HasSetting(enable_LibraryClearArt) | String.IsEqual(Control.GetLabel(3336),fallback.png)</visible>
					</control>
				<control type="label">
					<top>-14</top>
					<left>16</left>
					<right>20</right>
					<label>$VAR[VideoInfoMainLabelVar]</label>
					<font>font52_title</font>
					<shadowcolor>$VAR[ShadowColorVar]</shadowcolor>
					<height>65</height>
					<align>left</align>
					<scroll>true</scroll>
				</control>
				<control type="label">
					<top>55</top>
					<left>16</left>
					<right>20</right>
					<label>[B]$VAR[VideoInfoSubLabelVar][/B]</label>
					<font>fontplot2</font>
					<shadowcolor>$VAR[ShadowColorVar]</shadowcolor>
					<height>65</height>
					<align>left</align>
					<textcolor>$VAR[SkinColorVar]</textcolor>
					<scroll>true</scroll>
				</control>
				<control type="group" id="140">
					<top>80</top>
					<control type="button" id="138">
						<left>-8</left>
						<right>315</right>
						<height>211</height>
						<aligny>bottom</aligny>
						<label/>
						<onclick condition="!String.IsEmpty(ListItem.Plot)">SetProperty(TextViewer_Header,$LOCALIZE[207],home)</onclick>
						<onclick condition="!String.IsEmpty(ListItem.Plot)">SetProperty(TextViewer_Text,$ESCINFO[ListItem.Plot],home)</onclick>
						<onclick condition="!String.IsEmpty(ListItem.Plot)">ActivateWindow(1102)</onclick>
						<onleft>138</onleft>
						<onright>138</onright>
						<ondown>5000</ondown>
						<onup>5002</onup>
						<texturenofocus border="21"/>
						<visible>!Skin.HasSetting(enable_LibraryClearArt) + !String.IsEqual(Control.GetLabel(3336),fallback.png)</visible>
					</control>
					<control type="button" id="138">
						<left>-8</left>
						<right>-5</right>
						<height>211</height>
						<aligny>bottom</aligny>
						<label/>
						<onclick condition="!String.IsEmpty(ListItem.Plot)">SetProperty(TextViewer_Header,$LOCALIZE[207],home)</onclick>
						<onclick condition="!String.IsEmpty(ListItem.Plot)">SetProperty(TextViewer_Text,$ESCINFO[ListItem.Plot],home)</onclick>
						<onclick condition="!String.IsEmpty(ListItem.Plot)">ActivateWindow(1102)</onclick>
						<onleft>138</onleft>
						<onright>138</onright>
						<ondown>5000</ondown>
						<onup>5002</onup>
						<texturenofocus border="21"/>
						<visible>Skin.HasSetting(enable_LibraryClearArt) | String.IsEqual(Control.GetLabel(3336),fallback.png)</visible>
					</control>
					<control type="textbox">
						<left>16</left>
						<top>23</top>
						<right>340</right>
						<height>160</height>
						<align>left</align>
						<font>fontplot2</font>
						<label fallback="19055">$VAR[PlotSpoilerInfoVar]</label>
						<autoscroll delay="12000" time="4000" repeat="10000">Skin.HasSetting(AutoScroll)</autoscroll>
						<visible>!Skin.HasSetting(enable_LibraryClearArt) + !String.IsEqual(Control.GetLabel(3336),fallback.png)</visible>
					</control>
					<control type="textbox">
						<left>16</left>
						<top>23</top>
						<right>20</right>
						<height>160</height>
						<align>left</align>
						<font>fontplot2</font>
						<label fallback="19055">$VAR[PlotSpoilerInfoVar]</label>
						<autoscroll delay="12000" time="4000" repeat="10000">Skin.HasSetting(AutoScroll)</autoscroll>
						<visible>Skin.HasSetting(enable_LibraryClearArt) | String.IsEqual(Control.GetLabel(3336),fallback.png)</visible>
					</control>
				</control>
				<control type="grouplist" id="5000">
					<left>-300</left>
					<top>435</top>
					<right>254</right>
					<height>400</height>
					<onleft>5000</onleft>
					<onright>5000</onright>
					<onup>140</onup>
					<ondown condition="Control.IsVisible(63000)">SetFocus(63000)</ondown>
					<ondown condition="Control.IsVisible(6000)">SetFocus(6000)</ondown>
					<ondown condition="Control.IsVisible(5900)">SetFocus(5900)</ondown>
					<ondown condition="Control.IsVisible(5800)">SetFocus(5800)</ondown>
					<ondown condition="Control.IsVisible(5700)">SetFocus(5700)</ondown>
					<ondown condition="Control.IsVisible(5600)">SetFocus(5600)</ondown>
					<ondown condition="Control.IsVisible(5500)">SetFocus(5500)</ondown>
					<ondown condition="Control.IsVisible(5400)">SetFocus(5400)</ondown>
					<ondown condition="Control.IsVisible(5300)">SetFocus(5300)</ondown>
					<ondown condition="Control.IsVisible(5200)">SetFocus(5200)</ondown>
					<ondown condition="Control.IsVisible(5100)">SetFocus(5100)</ondown>
					<ondown condition="Control.IsVisible(50)">SetFocus(50)</ondown>
					<ondown condition="!Control.IsVisible(50) + !Control.IsVisible(5100) + !Control.IsVisible(5200) + !Control.IsVisible(5300) + !Control.IsVisible(5400) + !Control.IsVisible(5500) + !Control.IsVisible(5600) + !Control.IsVisible(5700) + !Control.IsVisible(5800) + !Control.IsVisible(5900) + !Control.IsVisible(6000) + !Control.IsVisible(63000)">SetFocus(5002)</ondown>
					<align>left</align>
					<itemgap>-20</itemgap>
					<orientation>horizontal</orientation>
					<scrolltime tween="quadratic">200</scrolltime>
					<visible>![Player.HasVideo + String.IsEqual(Window(Home).Property(TrailerPlaying),439)]</visible>
					<include content="InfoDialogSmallButton" condition="!String.IsEqual(ListItem.DBType,tvshow) + !String.IsEqual(ListItem.DBType,season)">
						<param name="id" value="8" />
						<param name="icon" value="icons/infodialogs/play.png" />
						<param name="label" value="$LOCALIZE[208]" />
						<param name="onclick_1" value="Dialog.Close(MovieInformation)" />
					</include>
					<include content="InfoDialogSmallButton" condition="String.IsEqual(ListItem.DBType,tvshow) | String.IsEqual(ListItem.DBType,season)">
						<param name="id" value="8" />
						<param name="icon" value="icons/filemanager.png" />
						<param name="label" value="$LOCALIZE[1024]" />
					</include>
					<include content="InfoDialogSmallButton" condition="Integer.IsGreater(ListItem.PercentPlayed,0) + !String.IsEqual(ListItem.DBType,tvshow) + !String.IsEqual(ListItem.DBType,season)">
						<param name="id" value="446" />
						<param name="icon" value="icons/infodialogs/resume.png" />
						<param name="onclick_1" value="Dialog.Close(MovieInformation)" />
						<param name="onclick_2" value="SendClick(9)" />
						<param name="label" value="$LOCALIZE[13362]" />
					</include>
					<include content="InfoDialogSmallButton" condition="!String.IsEmpty(ListItem.Trailer) + ![String.StartsWith(Container.FolderPath,plugin://) + String.Contains(Container.FolderPath,trailer)]">
						<param name="id" value="439" />
						<param name="icon" value="icons/infodialogs/trailer.png" />
						<param name="onclick_1" value="SetProperty(TrailerPlaying,439,Home)" />
						<param name="onclick_2" value="SetFocus(9002)" />
						<param name="onclick_3" value="PlayMedia($ESCINFO[ListItem.Trailer],false,1)" />
						<param name="label" value="$LOCALIZE[20410]" />
					</include>
					<include content="InfoDialogSmallButton" condition="System.HasAddon(script.preshowexperience) + [String.IsEqual(ListItem.DBType,movie) | String.IsEqual(ListItem.DBType,tvshow) | String.IsEqual(ListItem.DBType,season) | String.IsEqual(ListItem.DBType,episode)]">
						<param name="id" value="441" />
						<param name="icon" value="icons/infodialogs/preshowexp.png" />
						<param name="onclick_1" value="Dialog.Close(MovieInformation)" />
						<param name="onclick_2" value="RunScript(script.preshowexperience,experience)" />
						<param name="label" value="$LOCALIZE[31003]" />
					</include>
					<include content="InfoDialogSmallButton" condition="System.AddonIsEnabled(script.embuary.info) + !StringIsEmpty(ListItem.DBID) + String.IsEqual(ListItem.DbType,movie)">
						<param name="id" value="101" />
						<param name="icon" value="icons/infodialogs/extendedinfo.png" />
						<param name="label" value="$LOCALIZE[31034]" />
						<param name="onclick_1" value="Dialog.Close(MovieInformation)" />
						<param name="onclick_2" value="RunScript(script.embuary.info,call=movie,dbid=$INFO[ListItem.DBID])" />
					</include>
					<include content="InfoDialogSmallButton" condition="System.AddonIsEnabled(script.embuary.info) + StringIsEmpty(ListItem.DBID) + String.IsEqual(ListItem.DbType,movie)">
						<param name="id" value="101" />
						<param name="icon" value="icons/infodialogs/extendedinfo.png" />
						<param name="label" value="$LOCALIZE[31034]" />
						<param name="onclick_1" value="Dialog.Close(MovieInformation)" />
						<param name="onclick_2" value="RunScript(script.embuary.info,call=movie,query='$ESCINFO[ListItem.TVShowTitle]',year=$INFO[ListItem.Year])" />
					</include>
					<include content="InfoDialogSmallButton" condition="System.AddonIsEnabled(script.embuary.info) + !String.IsEmpty(ListItem.TvShowDBID) + [String.IsEqual(ListItem.DbType,tvshow) | String.IsEqual(ListItem.DbType,season) | String.IsEqual(ListItem.DbType,episode)]">
						<param name="id" value="101" />
						<param name="icon" value="icons/infodialogs/extendedinfo.png" />
						<param name="label" value="$LOCALIZE[31034]" />
						<param name="onclick_1" value="Dialog.Close(MovieInformation)" />
						<param name="onclick_2" value="RunScript(script.embuary.info,call=tv,dbid=$INFO[ListItem.TvShowDBID])" />
					</include>
					<include content="InfoDialogSmallButton" condition="System.AddonIsEnabled(script.embuary.info) + String.IsEmpty(ListItem.TvShowDBID) + !String.IsEmpty(ListItem.TVShowTitle) + [String.IsEqual(ListItem.DbType,tvshow) | String.IsEqual(ListItem.DbType,season) | String.IsEqual(ListItem.DbType,episode)]">
						<param name="id" value="101" />
						<param name="icon" value="icons/infodialogs/extendedinfo.png" />
						<param name="label" value="$LOCALIZE[31034]" />
						<param name="onclick_1" value="Dialog.Close(MovieInformation)" />
						<param name="onclick_2" value="RunScript(script.embuary.info,call=tv,query='$ESCINFO[ListItem.TVShowTitle]',year=$INFO[ListItem.Year])" />
					</include>
					<include content="InfoDialogSmallButton" condition="!String.IsEmpty(ListItem.Set)">
						<param name="id" value="444" />
						<param name="icon" value="icons/infodialogs/set.png" />
						<param name="label" value="$LOCALIZE[20457]" />
						<param name="onclick_1" value="Dialog.Close(MovieInformation)" />
						<param name="onclick_2" value="ActivateWindow(Videos,videodb://movies/sets/$INFO[ListItem.SetId]/,return)" />
					</include>
					<include content="InfoDialogSmallButton" condition="!String.IsEmpty(ListItem.Director)">
						<param name="id" value="13" />
						<param name="icon" value="icons/infodialogs/director.png" />
						<param name="label" value="$LOCALIZE[31123]" />
					</include>
					<include content="InfoDialogSmallButton">
						<param name="id" value="7" />
						<param name="icon" value="icons/infodialogs/rating.png" />
						<param name="label" value="$LOCALIZE[31033]" />
						<param name="visible" value="Control.IsEnabled(7)" />
					</include>
					<include content="InfoDialogSmallButton" condition="System.AddonIsEnabled(script.metadata.editor)">
						<param name="id" value="442" />
						<param name="icon" value="icons/infodialogs/edit.png" />
						<param name="onclick_1" value="RunScript(script.metadata.editor,DBID=$INFO[ListItem.DBID])" />
						<param name="label" value="$LOCALIZE[21435]" />
					</include>
					<include content="InfoDialogSmallButton">
						<param name="id" value="10" />
						<param name="icon" value="icons/infodialogs/artworkdownloader.png" />
						<param name="label" value="$LOCALIZE[13511]" />
					</include>
					<include content="InfoDialogSmallButton">
						<param name="id" value="6" />
						<param name="icon" value="icons/infodialogs/update.png" />
						<param name="label" value="$LOCALIZE[184]" />
						<param name="visible" value="Control.IsEnabled(6)" />
					</include>
				</control>
			</control>
			<control type="label">
				<right>50</right>
				<top>600</top>
				<align>right</align>
				<width>1400</width>
				<height>44</height>
				<font>font20_title</font>
				<textcolor>FFFFFFFF</textcolor>
				<shadowcolor>$VAR[ShadowColorVar]</shadowcolor>
				<haspath>true</haspath>
				<label>$INFO[ListItem.FileNameAndPath]</label>
				<visible>Control.HasFocus(6)</visible>
				<animation effect="fade" start="0" end="100" time="300" delay="300">WindowOpen</animation>
				<animation effect="fade" start="100" end="0" time="200">WindowClose</animation>
				<animation effect="fade" start="0" end="100" time="300">Visible</animation>
				<animation effect="fade" start="100" end="0" time="200">Hidden</animation>
				<animation effect="fade" start="100" end="0" time="200" tween="sine" condition="Window.IsVisible(script-embuary-video.xml) | Window.IsVisible(script-embuary-person.xml) | Window.IsVisible(script-embuary-image.xml)">Conditional</animation>
			</control>
			<control type="label">
				<right>50</right>
				<top>600</top>
				<align>right</align>
				<width>1400</width>
				<height>44</height>
				<font>font20_title</font>
				<textcolor>FFFFFFFF</textcolor>
				<shadowcolor>$VAR[ShadowColorVar]</shadowcolor>
				<haspath>true</haspath>
				<label>$LOCALIZE[568] : $INFO[ListItem.LastPlayed]</label>
				<visible>Control.HasFocus(8) + !String.IsEmpty(ListItem.LastPlayed) + !Container.Content(tvshows)</visible>
				<animation effect="fade" start="0" end="100" time="300" delay="300">WindowOpen</animation>
				<animation effect="fade" start="100" end="0" time="200">WindowClose</animation>
				<animation effect="fade" start="0" end="100" time="300">Visible</animation>
				<animation effect="fade" start="100" end="0" time="200">Hidden</animation>
				<animation effect="fade" start="100" end="0" time="200" tween="sine" condition="Window.IsVisible(script-embuary-video.xml) | Window.IsVisible(script-embuary-person.xml) | Window.IsVisible(script-embuary-image.xml)">Conditional</animation>
			</control>
			<control type="label">
				<right>50</right>
				<top>600</top>
				<align>right</align>
				<width>1400</width>
				<height>44</height>
				<font>font20_title</font>
				<textcolor>FFFFFFFF</textcolor>
				<shadowcolor>$VAR[ShadowColorVar]</shadowcolor>
				<haspath>true</haspath>
				<label>$LOCALIZE[31126]</label>
				<visible>Control.HasFocus(138)</visible>
				<animation effect="fade" start="0" end="100" time="300" delay="300">WindowOpen</animation>
				<animation effect="fade" start="100" end="0" time="200">WindowClose</animation>
				<animation effect="fade" start="0" end="100" time="300">Visible</animation>
				<animation effect="fade" start="100" end="0" time="200">Hidden</animation>
				<animation effect="fade" start="100" end="0" time="200" tween="sine" condition="Window.IsVisible(script-embuary-video.xml) | Window.IsVisible(script-embuary-person.xml) | Window.IsVisible(script-embuary-image.xml)">Conditional</animation>
			</control>
		</control>
		<control type="group">
			<include>OpenClose_Right</include>
			<top>340</top>
			<left>344</left>
			<right>870</right>
			<visible>![Player.HasVideo + String.IsEqual(Window(Home).Property(TrailerPlaying),439)]</visible>
			<control type="label">
				<label>$INFO[ListItem.Genre,$LOCALIZE[515] : [COLOR white],[/COLOR]][CR]$INFO[ListItem.Director,$LOCALIZE[20339] : [COLOR white],[/COLOR]]</label>
				<font>fontplot</font>
				<textcolor>$VAR[SkinColorVar]</textcolor>
				<shadowcolor>$VAR[ShadowColorVar]</shadowcolor>
				<visible>!Container.Content(tvshows)</visible>
			</control>
			<control type="label">
				<label>$INFO[ListItem.Genre,$LOCALIZE[515] : [COLOR white],[/COLOR]][CR]$INFO[ListItem.Studio,$LOCALIZE[29909] : [COLOR white],[/COLOR]]</label>
				<font>fontplot</font>
				<textcolor>$VAR[SkinColorVar]</textcolor>
				<shadowcolor>$VAR[ShadowColorVar]</shadowcolor>
				<visible>Container.Content(tvshows)</visible>
			</control>
		</control>
		<control type="grouplist">
			<visible>String.IsEqual(ListItem.DBType,episode) | String.IsEqual(ListItem.DBType,movie) | String.IsEqual(ListItem.DBType,musicvideo)</visible>
			<visible>![String.IsEmpty(ListItem.Property(AudioLanguage.1)) + String.IsEmpty(ListItem.Property(AudioLanguage.2)) + String.IsEmpty(ListItem.Property(AudioLanguage.3)) + String.IsEmpty(ListItem.Property(SubtitleLanguage.1)) + String.IsEmpty(ListItem.Property(SubtitleLanguage.2)) + String.IsEmpty(ListItem.Property(SubtitleLanguage.3))]</visible>
			<include>OpenClose_Right</include>
			<visible>![Player.HasVideo + String.IsEqual(Window(Home).Property(TrailerPlaying),439)]</visible>
			<right>50</right>
			<top>360</top>
			<height>70</height>
			<width>820</width>
			<height>142</height>
			<itemgap>5</itemgap>
			<orientation>horizontal</orientation>
			<align>right</align>
			<aligny>center</aligny>
			<include>MediaFlagsAudioSubs</include>
		</control>
		<control type="group">
			<left>30</left>
			<top>600</top>
			<height>90</height>
			<right>55</right>
			<include>OpenClose_Right</include>
			<control type="image">
				<left>-2</left>
				<top>10</top>
				<width>11</width>
				<height>11</height>
				<texture colordiffuse="$VAR[SkinColorVar]">frame/puce.png</texture>
				<visible>Control.HasFocus(9004) | Control.HasFocus(5002) | Control.HasFocus(63000) | Control.HasFocus(50) | Control.HasFocus(5100) | Control.HasFocus(5200) | Control.HasFocus(5300) | Control.HasFocus(5400) | Control.HasFocus(5500) | Control.HasFocus(5600) | Control.HasFocus(5700) | Control.HasFocus(5800) | Control.HasFocus(5900) | Control.HasFocus(6000)</visible>
			</control>
			<control type="label">
				<left>18</left>
				<top>-3</top>
				<right>-7</right>
				<height>90</height>
				<label>$VAR[DialogInfoButtonsVar]</label>
				<font>font25_title</font>
				<shadowcolor>$VAR[ShadowColorVar]</shadowcolor>
				<scroll>true</scroll>
			</control>
		</control>
		<control type="grouplist" id="5001">
			<left>-30</left>
			<top>650</top>
			<include>OpenClose_Right</include>
			<orientation>vertical</orientation>
			<bottom>0</bottom>
			<scrolltime tween="cubic" easing="out">500</scrolltime>
			<itemgap>50</itemgap>
			<onup>5000</onup>
			<ondown>5002</ondown>
			<usecontrolcoords>true</usecontrolcoords>
			<pagecontrol>5010</pagecontrol>
			<visible>!Control.HasFocus(5002)</visible>
			<visible>![Player.HasVideo + String.IsEqual(Window(Home).Property(TrailerPlaying),439)]</visible>
			<animation effect="fade" time="100">VisibleChange</animation>
			<include content="WidgetListCastInfo" condition="String.IsEqual(ListItem.DBTYPE,movie) | String.IsEqual(ListItem.DBTYPE,musicvideo)">
				<param name="list_id" value="50"/>
				<param name="alt_focus" value="9004"/>
				<param name="onfocus" value="SetFocus(9004)"/>
				<param name="visible" value="!Skin.HasSetting(VideoInfo_MovieCastList)"/>
			</include>
			<include content="WidgetListCastInfo" condition="String.IsEqual(ListItem.DBType,tvshow) | String.IsEqual(ListItem.DBType,season) | String.IsEqual(ListItem.DBType,episode)">
				<param name="list_id" value="50"/>
				<param name="alt_focus" value="9004"/>
				<param name="onfocus" value="SetFocus(9004)"/>
				<param name="visible" value="!Skin.HasSetting(VideoInfo_MovieCastList)"/>
			</include>
			<include content="WidgetListThumbInfo" condition="!String.IsEqual(ListItem.DBType,movie) + !String.IsEqual(ListItem.DBType,musicvideo)">
				<param name="content_path" value="videodb://inprogresstvshows/$INFO[ListItem.DBID]/-2/?tvshowid=$INFO[ListItem.DBID]"/>
				<param name="widget_target" value="videos"/>
				<param name="widget_thumb" value="$VAR[InfoWidgetThumbVar2]"/>
				<param name="sortby" value="playcount"/>
				<param name="sortorder" value="ascending"/>
				<param name="limit" value="30"/>
				<param name="visible_play" value="true"/>
				<param name="list_id" value="5900"/>
				<param name="onclick" value="Action(close)"/>
				<param name="onclick2" value="PlayMedia($ESCINFO[ListItem.FileNameAndPath])"/>
				<param name="visible" value="!Skin.HasSetting(VideoInfo_NextUpEpisodes)"/>
			</include>
		</control>
		<control type="group">
			<bottom>0</bottom>
			<height>430</height>
			<visible>![Player.HasVideo + String.IsEqual(Window(Home).Property(TrailerPlaying),439)]</visible>
			<control type="image" id="3335">
				<top>0</top>
				<right>50</right>
				<width>360</width>
				<height>360</height>
				<aspectratio>keep</aspectratio>
				<texture background="true" align="right" fallback="fallback.png">$VAR[DialogInfoVideoArtVar]</texture>
				<visible>Control.HasFocus(5002) | [!Control.IsVisible(50) + !Control.IsVisible(5100) + !Control.IsVisible(5200) + !Control.IsVisible(5300) + !Control.IsVisible(5400) + !Control.IsVisible(5500) + !Control.IsVisible(5600) + !Control.IsVisible(5700) + !Control.IsVisible(5800) + !Control.IsVisible(5900) + !Control.IsVisible(6000) + !Control.IsVisible(63000)]</visible>
				<include>OpenClose_Right</include>
				<animation effect="fade" time="100">VisibleChange</animation>
			</control>
			<control type="grouplist" id="6100">
				<top>-20</top>
				<left>50</left>
				<height>430</height>
				<orientation>vertical</orientation>
				<itemgap>-8</itemgap>
				<visible>Control.HasFocus(5002) | [!Control.IsVisible(50) + !Control.IsVisible(5100) + !Control.IsVisible(5200) + !Control.IsVisible(5300) + !Control.IsVisible(5400) + !Control.IsVisible(5500) + !Control.IsVisible(5600) + !Control.IsVisible(5700) + !Control.IsVisible(5800) + !Control.IsVisible(5900) + !Control.IsVisible(6000) + !Control.IsVisible(63000)]</visible>
				<include>OpenClose_Right</include>
				<animation effect="fade" time="100">VisibleChange</animation>
				<include content="InfoDialogMetadata">
					<param name="control_id" value="146" />
					<param name="label" value="$INFO[ListItem.OriginalTitle,$LOCALIZE[20376] : [COLOR white],[/COLOR]]" />
					<param name="visible" value="!String.IsEmpty(ListItem.OriginalTitle)" />
					<param name="textcolor" value="$VAR[SkinColorVar]" />
					<param name="font" value="font12" />
				</include>
				<include content="InfoDialogMetadata">
					<param name="control_id" value="147" />
					<param name="label" value="$INFO[ListItem.Writer,$LOCALIZE[20417] : [COLOR white],[/COLOR]]" />
					<param name="visible" value="!String.IsEmpty(ListItem.Writer)" />
					<param name="textcolor" value="$VAR[SkinColorVar]" />
					<param name="font" value="font12" />
				</include>
				<include content="InfoDialogMetadata">
					<param name="control_id" value="148" />
					<param name="label" value="$LOCALIZE[21875] : [COLOR white]$INFO[ListItem.Country][/COLOR]" />
					<param name="visible" value="!String.IsEmpty(ListItem.Country)" />
					<param name="textcolor" value="$VAR[SkinColorVar]" />
					<param name="font" value="font12" />
				</include>
				<include content="InfoDialogMetadata">
					<param name="control_id" value="149" />
					<param name="label" value="$LOCALIZE[29909] : [COLOR white]$INFO[ListItem.Studio][/COLOR]" />
					<param name="visible" value="!String.IsEmpty(ListItem.Studio)" />
					<param name="textcolor" value="$VAR[SkinColorVar]" />
					<param name="font" value="font12" />
				</include>
				<include content="InfoDialogMetadata">
					<param name="control_id" value="150" />
					<param name="label" value="$LOCALIZE[20416] : [COLOR white]$INFO[ListItem.Premiered][/COLOR]" />
					<param name="visible" value="!String.IsEmpty(ListItem.Premiered)" />
					<param name="textcolor" value="$VAR[SkinColorVar]" />
					<param name="font" value="font12" />
				</include>
				<include content="InfoDialogMetadata">
					<param name="control_id" value="151" />
					<param name="label" value="$INFO[Window(Home).Property(NextAired.LatestDate),$LOCALIZE[31226] : [COLOR white], - [/COLOR]][COLOR white]$INFO[Window(Home).Property(NextAired.LatestNumber),, : ]$INFO[Window(Home).Property(NextAired.LatestTitle)][/COLOR]" />
					<param name="visible" value="String.IsEmpty(Window(Home).Property(NextAired.NextDate)) + !String.IsEmpty(Window(Home).Property(NextAired.LatestDate)) + [Container.Content(tvshows) | Container.Content(seasons) | Container.Content(episodes)]" />
					<param name="textcolor" value="$VAR[SkinColorVar]" />
					<param name="font" value="font12" />
				</include>
				<include content="InfoDialogMetadata">
					<param name="control_id" value="152" />
					<param name="label" value="$INFO[Window(Home).Property(NextAired.NextDate),$LOCALIZE[31225] : [COLOR white], - [/COLOR]][COLOR white]$INFO[Window(Home).Property(NextAired.NextNumber),, : ]$INFO[Window(Home).Property(NextAired.NextTitle)][/COLOR]" />
					<param name="visible" value="!String.IsEmpty(Window(Home).Property(NextAired.NextDate)) + [Container.Content(tvshows) | Container.Content(seasons) | Container.Content(episodes)]" />
					<param name="textcolor" value="$VAR[SkinColorVar]" />
					<param name="font" value="font12" />
				</include>
				<include content="InfoDialogMetadata">
					<param name="control_id" value="153" />
					<param name="label" value="$LOCALIZE[31048] : [COLOR white]$VAR[SeasonNumberVar] - $VAR[EpisodeNumberVar][/COLOR]" />
					<param name="visible" value="!String.IsEmpty(ListItem.Season) + !String.IsEqual(ListItem.DBType,episode)" />
					<param name="textcolor" value="$VAR[SkinColorVar]" />
					<param name="font" value="font12" />
				</include>
				<include content="InfoDialogMetadata">
					<param name="control_id" value="154" />
					<param name="label" value="$LOCALIZE[20074] : [COLOR white]$INFO[ListItem.mpaa][/COLOR]" />
					<param name="visible" value="!String.IsEmpty(ListItem.Mpaa)" />
					<param name="textcolor" value="$VAR[SkinColorVar]" />
					<param name="font" value="font12" />
				</include>
				<include content="InfoDialogMetadata">
					<param name="control_id" value="155" />
					<param name="label" value="$INFO[ListItem.RatingAndVotes(imdb),$LOCALIZE[563] IMDb : [COLOR white],[/COLOR]]" />
					<param name="visible" value="!String.IsEmpty(ListItem.RatingAndVotes(imdb))" />
					<param name="textcolor" value="$VAR[SkinColorVar]" />
					<param name="font" value="font12" />
				</include>
				<include content="InfoDialogMetadata">
					<param name="control_id" value="156" />
					<param name="label" value="$INFO[ListItem.RatingAndVotes(themoviedb),$LOCALIZE[563] TheMovieDb : [COLOR white],[/COLOR]]" />
					<param name="visible" value="!String.IsEmpty(ListItem.RatingAndVotes(themoviedb)) + !Container.Content(tvshows) + !Container.Content(seasons) + !Container.Content(episodes)" />
					<param name="textcolor" value="$VAR[SkinColorVar]" />
					<param name="font" value="font12" />
				</include>
				<include content="InfoDialogMetadata">
					<param name="control_id" value="157" />
					<param name="label" value="$INFO[ListItem.RatingAndVotes(tmdb),$LOCALIZE[563] TMDB : [COLOR white],[/COLOR]]" />
					<param name="visible" value="!String.IsEmpty(ListItem.RatingAndVotes(tmdb)) + !Container.Content(tvshows) + !Container.Content(seasons) + !Container.Content(episodes)" />
					<param name="textcolor" value="$VAR[SkinColorVar]" />
					<param name="font" value="font12" />
				</include>
				<include content="InfoDialogMetadata">
					<param name="control_id" value="158" />
					<param name="label" value="$INFO[ListItem.RatingAndVotes(tvdb),$LOCALIZE[563] TVDB : [COLOR white],[/COLOR]]" />
					<param name="visible" value="!String.IsEmpty(ListItem.RatingAndVotes(tvdb))" />
					<param name="textcolor" value="$VAR[SkinColorVar]" />
					<param name="font" value="font12" />
				</include>
				<include content="InfoDialogMetadata">
					<param name="control_id" value="159" />
					<param name="label" value="$INFO[ListItem.RatingAndVotes(metacritic),$LOCALIZE[563] MetaCritic : [COLOR white],[/COLOR]]" />
					<param name="visible" value="!String.IsEmpty(ListItem.RatingAndVotes(metacritic))" />
					<param name="textcolor" value="$VAR[SkinColorVar]" />
					<param name="font" value="font12" />
				</include>
				<include content="InfoDialogMetadata">
					<param name="control_id" value="160" />
					<param name="label" value="$INFO[ListItem.RatingAndVotes(tomatometerallcritics),$LOCALIZE[563] Rotten Tomatoes (Tomatometer all Critics) : [COLOR white],[/COLOR]]" />
					<param name="visible" value="Skin.HasSetting(tomatometerallcritics) + !String.IsEmpty(ListItem.RatingAndVotes(tomatometerallcritics))" />
					<param name="textcolor" value="$VAR[SkinColorVar]" />
					<param name="font" value="font12" />
				</include>
				<include content="InfoDialogMetadata">
					<param name="control_id" value="161" />
					<param name="label" value="$INFO[ListItem.RatingAndVotes(tomatometeravgcritics),$LOCALIZE[563] Rotten Tomatoes (Tomatometer average Critics) : [COLOR white],[/COLOR]]" />
					<param name="visible" value="Skin.HasSetting(tomatometeravgcritics) + !String.IsEmpty(ListItem.RatingAndVotes(tomatometeravgcritics))" />
					<param name="textcolor" value="$VAR[SkinColorVar]" />
					<param name="font" value="font12" />
				</include>
				<include content="InfoDialogMetadata">
					<param name="control_id" value="162" />
					<param name="label" value="$INFO[ListItem.RatingAndVotes(tomatometerallaudience),$LOCALIZE[563] Rotten Tomatoes (Tomatometer all Audience) : [COLOR white],[/COLOR]]" />
					<param name="visible" value="Skin.HasSetting(tomatometerallaudience) + !String.IsEmpty(ListItem.RatingAndVotes(tomatometerallaudience))" />
					<param name="textcolor" value="$VAR[SkinColorVar]" />
					<param name="font" value="font12" />
				</include>
				<include content="InfoDialogMetadata">
					<param name="control_id" value="163" />
					<param name="label" value="$INFO[ListItem.RatingAndVotes(tomatometeravgaudience),$LOCALIZE[563] Rotten Tomatoes (Tomatometer average Audience) : [COLOR white],[/COLOR]]" />
					<param name="visible" value="Skin.HasSetting(tomatometeravgaudience) + !String.IsEmpty(ListItem.RatingAndVotes(tomatometeravgaudience))" />
					<param name="textcolor" value="$VAR[SkinColorVar]" />
					<param name="font" value="font12" />
				</include>
				<include content="InfoDialogMetadata">
					<param name="control_id" value="164" />
					<param name="label" value="$INFO[ListItem.RatingAndVotes(trakt),$LOCALIZE[563] Trakt.tv : [COLOR white],[/COLOR]]" />
					<param name="visible" value="!String.IsEmpty(ListItem.RatingAndVotes(trakt))" />
					<param name="textcolor" value="$VAR[SkinColorVar]" />
					<param name="font" value="font12" />
				</include>
				<include content="InfoDialogMetadata">
					<param name="control_id" value="165" />
					<param name="label" value="$INFO[ListItem.RatingAndVotes,$LOCALIZE[563] : [COLOR white],[/COLOR]]" />
					<param name="visible" value="[String.IsEmpty(ListItem.RatingAndVotes(imdb)) + String.IsEmpty(ListItem.RatingAndVotes(themoviedb)) + String.IsEmpty(ListItem.RatingAndVotes(tmdb)) + String.IsEmpty(ListItem.RatingAndVotes(tvdb)) + !String.IsEmpty(ListItem.RatingAndVotes)]" />
					<param name="textcolor" value="$VAR[SkinColorVar]" />
					<param name="font" value="font12" />
				</include>
				<include content="InfoDialogMetadata">
					<param name="control_id" value="170" />
					<param name="label" value="$LOCALIZE[20457] : [COLOR white]$INFO[ListItem.Set][/COLOR]" />
					<param name="visible" value="!String.IsEmpty(ListItem.Set)" />
					<param name="textcolor" value="$VAR[SkinColorVar]" />
					<param name="font" value="font12" />
				</include>
				<include content="InfoDialogMetadata">
					<param name="control_id" value="171" />
					<param name="label" value="$LOCALIZE[20459] : [COLOR white]$INFO[ListItem.Tag][/COLOR]" />
					<param name="visible" value="!String.IsEmpty(ListItem.Tag)" />
					<param name="textcolor" value="$VAR[SkinColorVar]" />
					<param name="font" value="font12" />
				</include>
				<include content="InfoDialogMetadata">
					<param name="control_id" value="172" />
					<param name="label" value="$LOCALIZE[126] : [COLOR white]$INFO[ListItem.Status][/COLOR]" />
					<param name="visible" value="!String.IsEmpty(ListItem.Status)" />
					<param name="textcolor" value="$VAR[SkinColorVar]" />
					<param name="font" value="font12" />
				</include>
				<include content="InfoDialogMetadata">
					<param name="control_id" value="173" />
					<param name="label" value="$LOCALIZE[126] : [COLOR white]$VAR[StatusNextAiredVar][/COLOR]" />
					<param name="visible" value="String.IsEmpty(ListItem.Status) + !String.IsEmpty(Window(Home).Property(NextAired.Status)) + [Container.Content(tvshows) | Container.Content(seasons) | Container.Content(episodes)]" />
					<param name="textcolor" value="$VAR[SkinColorVar]" />
					<param name="font" value="font12" />
				</include>
				<include content="InfoDialogMetadata">
					<param name="control_id" value="174" />
					<param name="label" value="$LOCALIZE[21893] : [COLOR white]$INFO[ListItem.Property(Artist_Born)][/COLOR]" />
					<param name="visible" value="!String.IsEmpty(ListItem.Property(Artist_Born)) + Container.Content(musicvideos)" />
					<param name="textcolor" value="$VAR[SkinColorVar]" />
					<param name="font" value="font12" />
				</include>
				<include content="InfoDialogMetadata">
					<param name="control_id" value="175" />
					<param name="label" value="$LOCALIZE[21897] : [COLOR white]$INFO[ListItem.Property(Artist_Died)][/COLOR]" />
					<param name="visible" value="!String.IsEmpty(ListItem.Property(Artist_Died)) + Container.Content(musicvideos)" />
					<param name="textcolor" value="$VAR[SkinColorVar]" />
					<param name="font" value="font12" />
				</include>
				<include content="InfoDialogMetadata">
					<param name="control_id" value="176" />
					<param name="label" value="$LOCALIZE[21894] : [COLOR white]$INFO[ListItem.Property(Artist_Formed)][/COLOR]" />
					<param name="visible" value="!String.IsEmpty(ListItem.Property(Artist_Formed)) + Container.Content(musicvideos)" />
					<param name="textcolor" value="$VAR[SkinColorVar]" />
					<param name="font" value="font12" />
				</include>
				<include content="InfoDialogMetadata">
					<param name="control_id" value="177" />
					<param name="label" value="$LOCALIZE[21896] : [COLOR white]$INFO[ListItem.Property(Artist_Disbanded)][/COLOR]" />
					<param name="visible" value="!String.IsEmpty(ListItem.Property(Artist_Disbanded)) + Container.Content(musicvideos)" />
					<param name="textcolor" value="$VAR[SkinColorVar]" />
					<param name="font" value="font12" />
				</include>
				<include content="InfoDialogMetadata">
					<param name="control_id" value="178" />
					<param name="label" value="$LOCALIZE[21898] : [COLOR white]$INFO[ListItem.Property(Artist_YearsActive)][/COLOR]" />
					<param name="visible" value="!String.IsEmpty(ListItem.Property(Artist_YearsActive)) + Container.Content(musicvideos)" />
					<param name="textcolor" value="$VAR[SkinColorVar]" />
					<param name="font" value="font12" />
				</include>
				<include content="InfoDialogMetadata">
					<param name="control_id" value="179" />
					<param name="label" value="$LOCALIZE[175] : [COLOR white]$INFO[ListItem.Property(Artist_Mood)][/COLOR]" />
					<param name="visible" value="!String.IsEmpty(ListItem.Property(Artist_Mood)) + Container.Content(musicvideos)" />
					<param name="textcolor" value="$VAR[SkinColorVar]" />
					<param name="font" value="font12" />
				</include>
				<include content="InfoDialogMetadata">
					<param name="control_id" value="180" />
					<param name="label" value="$LOCALIZE[175] : [COLOR white]$INFO[ListItem.Property(Album_Mood)][/COLOR]" />
					<param name="visible" value="!String.IsEmpty(ListItem.Property(Album_Mood)) + Container.Content(musicvideos)" />
					<param name="textcolor" value="$VAR[SkinColorVar]" />
					<param name="font" value="font12" />
				</include>
				<include content="InfoDialogMetadata">
					<param name="control_id" value="181" />
					<param name="label" value="$LOCALIZE[176] : [COLOR white]$INFO[ListItem.Property(Artist_Style)][/COLOR]" />
					<param name="visible" value="!String.IsEmpty(ListItem.Property(Artist_Style)) + Container.Content(musicvideos)" />
					<param name="textcolor" value="$VAR[SkinColorVar]" />
					<param name="font" value="font12" />
				</include>
				<include content="InfoDialogMetadata">
					<param name="control_id" value="182" />
					<param name="label" value="$LOCALIZE[176] : [COLOR white]$INFO[ListItem.Property(Album_Style)][/COLOR]" />
					<param name="visible" value="!String.IsEmpty(ListItem.Property(Album_Style)) + Container.Content(musicvideos)" />
					<param name="textcolor" value="$VAR[SkinColorVar]" />
					<param name="font" value="font12" />
				</include>
				<include content="InfoDialogMetadata">
					<param name="control_id" value="183" />
					<param name="label" value="$LOCALIZE[21899] : [COLOR white]$INFO[ListItem.Property(Album_Label)][/COLOR]" />
					<param name="visible" value="!String.IsEmpty(ListItem.Property(Album_Label)) + Container.Content(musicvideos)" />
					<param name="textcolor" value="$VAR[SkinColorVar]" />
					<param name="font" value="font12" />
				</include>
				<include content="InfoDialogMetadata">
					<param name="control_id" value="184" />
					<param name="label" value="$LOCALIZE[570] : [COLOR white]$INFO[ListItem.DateAdded][/COLOR]" />
					<param name="visible" value="!String.IsEmpty(ListItem.DateAdded)" />
					<param name="textcolor" value="$VAR[SkinColorVar]" />
					<param name="font" value="font12" />
				</include>
				<include content="InfoDialogMetadata">
					<param name="control_id" value="185" />
					<param name="label" value="$LOCALIZE[573] : [COLOR white]$INFO[ListItem.FileNameAndPath][/COLOR]" />
					<param name="visible" value="!String.IsEmpty(ListItem.FileNameAndPath)" />
					<param name="textcolor" value="$VAR[SkinColorVar]" />
					<param name="font" value="font12" />
				</include>
				<include content="InfoDialogMetadata">
					<param name="control_id" value="186" />
					<param name="label" value="$LOCALIZE[21802] : [COLOR white]$INFO[Window(10000).Property(size)][/COLOR]" />
					<param name="visible" value="!String.StartsWith(ListItem.FileNameAndPath,'plugin://') + ![String.StartsWith(Window(10000).Property(size),0.00) | String.IsEmpty(Window(10000).Property(size))]" />
					<param name="textcolor" value="$VAR[SkinColorVar]" />
					<param name="font" value="font12" />
				</include>
				<include content="InfoDialogMetadata">
					<param name="control_id" value="187" />
					<param name="label" value="$LOCALIZE[21802] : [COLOR white]$INFO[ListItem.Size][/COLOR]" />
					<param name="visible" value="![String.StartsWith(ListItem.Size,0.00) | String.IsEmpty(ListItem.Size)]" />
					<param name="textcolor" value="$VAR[SkinColorVar]" />
					<param name="font" value="font12" />
				</include>
			</control>
		</control>
		<control type="group">
			<include>OpenClose_Right</include>
			<top>418</top>
			<height>70</height>
			<visible>![Player.HasVideo + String.IsEqual(Window(Home).Property(TrailerPlaying),439)]</visible>
			<include content="MediaFlagsInfoDialogLeft">
				<param name="align" value="left" />
			</include>
			<include content="MediaFlagsInfoDialogRight">
				<param name="align" value="right" />
			</include>
		</control>
		<control type="image">
			<centerleft>50%</centerleft>
			<bottom>10</bottom>
			<width>24</width>
			<height>12</height>
			<texture colordiffuse="$VAR[SkinColorVar]">overlays/arrowdown.png</texture>
			<animation effect="zoom" start="100,0" end="100,100" center="auto" time="200" delay="10">VisibleChange</animation>
			<visible>ControlGroup(5001).HasFocus | Control.HasFocus(9004)</visible>
		</control>
		<control type="image">
			<centerleft>50%</centerleft>
			<bottom>10</bottom>
			<width>24</width>
			<height>12</height>
			<texture colordiffuse="$VAR[SkinColorVar]" flipy="true">overlays/arrowdown.png</texture>
			<animation effect="zoom" start="100,0" end="100,100" center="auto" time="200" delay="10">VisibleChange</animation>
			<visible>Control.HasFocus(5002)</visible>
		</control>
		<control type="group">
			<visible>Control.HasFocus(9001)</visible>
			<animation effect="fade" start="0" end="100" time="350" tween="cubic" easing="inout">Visible</animation>
			<animation effect="fade" start="0" end="100" time="350" tween="cubic" easing="inout">WindowOpen</animation>
			<animation effect="fade" end="0" start="100" time="150">Hidden</animation>
			<animation effect="fade" end="0" start="100" time="150">WindowClose</animation>
			<control type="button" id="9001">
				<visible allowhiddenfocus="true">false</visible>
				<width>1</width>
				<height>1</height>
				<texturefocus />
				<texturenofocus />
				<onleft>Control.Move(63000,-1)</onleft>
				<onright>Control.Move(63000,1)</onright>
				<onup>Control.Move(63000,1)</onup>
				<ondown>Control.Move(63000,-1)</ondown>
				<onback>63000</onback>
				<oninfo>63000</oninfo>
				<onclick>SetFocus(63000)</onclick>
			</control>
			<control type="image">
				<texture colordiffuse="ff000000">colors/white.png</texture>
			</control>
			<control type="group">
				<animation effect="slide" start="0" end="-1920" condition="!Container(63000).OnNext" reversible="false" time="300" tween="quadratic">Conditional</animation>
				<animation effect="slide" start="0" end="1920" condition="!Container(63000).OnPrevious" reversible="false" time="300" tween="quadratic">Conditional</animation>
				<control type="image">
					<centerleft>50%</centerleft>
					<centertop>50%</centertop>
					<width>1920</width>
					<height>1080</height>
					<left>-1920</left>
					<aspectratio>keep</aspectratio>
					<texture background="true">$INFO[Container(63000).ListItem(-1).FileNameAndPath]</texture>
				</control>
				<control type="image">
					<centerleft>50%</centerleft>
					<centertop>50%</centertop>
					<width>1920</width>
					<height>1080</height>
					<aspectratio>keep</aspectratio>
					<texture background="true">$INFO[Container(63000).ListItem.FileNameAndPath]</texture>
				</control>
				<control type="image">
					<centerleft>50%</centerleft>
					<centertop>50%</centertop>
					<width>1920</width>
					<height>1080</height>
					<left>1920</left>
					<aspectratio>keep</aspectratio>
					<texture background="true">$INFO[Container(63000).ListItem(1).FileNameAndPath]</texture>
				</control>
			</control>
		</control>
		<control type="button" id="9004">
			<visible>Control.IsVisible(50)</visible>
			<visible allowhiddenfocus="true">false</visible>
			<width>1</width>
			<height>1</height>
			<texturefocus />
			<texturenofocus />
			<onup>5000</onup>
			<ondown condition="!Control.IsVisible(5500) + !Control.IsVisible(5600) + !Control.IsVisible(5700) + !Control.IsVisible(5800) + !Control.IsVisible(5900) + !Control.IsVisible(6000) + !Control.IsVisible(63000)">SetFocus(5002)</ondown>
			<ondown condition="Control.IsVisible(63000)">SetFocus(63000)</ondown>
			<ondown condition="Control.IsVisible(6000)">SetFocus(6000)</ondown>
			<ondown condition="Control.IsVisible(5900)">SetFocus(5900)</ondown>
			<ondown condition="Control.IsVisible(5800)">SetFocus(5800)</ondown>
			<ondown condition="Control.IsVisible(5700)">SetFocus(5700)</ondown>
			<ondown condition="Control.IsVisible(5600)">SetFocus(5600)</ondown>
			<ondown condition="Control.IsVisible(5500)">SetFocus(5500)</ondown>
			<onleft>SetFocus(50)</onleft>
			<onleft>Left</onleft>
			<onleft>SetFocus(9004)</onleft>
			<onright>SetFocus(50)</onright>
			<onright>Right</onright>
			<onright>SetFocus(9004)</onright>
			<onclick>SetFocus(9006)</onclick>
		</control>
		<control type="group">
			<visible>ControlGroup(9005).HasFocus()</visible>
			<animation effect="fade" start="0" end="100" time="350" tween="cubic" easing="inout">Visible</animation>
			<animation effect="fade" start="0" end="100" time="350" tween="cubic" easing="inout">WindowOpen</animation>
			<animation effect="fade" end="0" start="100" time="150">Hidden</animation>
			<animation effect="fade" end="0" start="100" time="150">WindowClose</animation>
			<control type="group">
				<centerleft>50%</centerleft>
				<height>290</height>
				<centertop>50%</centertop>
				<width>650</width>
				<include content="DialogBackgroundCommons">
					<param name="width" value="650" />
					<param name="height" value="80" />
					<param name="header_label" value="$INFO[Container(50).ListItem.Label]" />
					<param name="header_id" value="1" />
				</include>
				<control type="group">
					<left>0</left>
					<top>80</top>
					<control type="grouplist" id="9005">
						<width>650</width>
						<height>210</height>
						<itemgap>0</itemgap>
						<control type="button" id="9006">
							<width>650</width>
							<textoffsetx>40</textoffsetx>
							<top>0</top>
							<height>70</height>
							<aligny>center</aligny>
							<align>center</align>
							<texturefocus colordiffuse="$VAR[SkinColorVar]">lists/focus.png</texturefocus>
							<texturenofocus colordiffuse="dialog_tint">colors/white.png</texturenofocus>
							<label>$LOCALIZE[31113]</label>
							<onleft>SetFocus(9004)</onleft>
							<onright>SetFocus(9004)</onright>
							<onback>9004</onback>
							<onclick>SetFocus(50)</onclick>
							<onclick>Select</onclick>
							<onclick>SetFocus(9004)</onclick>
						</control>
						<control type="button" id="9007">
							<width>650</width>
							<textoffsetx>40</textoffsetx>
							<top>0</top>
							<height>70</height>
							<aligny>center</aligny>
							<align>center</align>
							<texturefocus colordiffuse="$VAR[SkinColorVar]">lists/focus.png</texturefocus>
							<texturenofocus colordiffuse="dialog_tint">colors/white.png</texturenofocus>
							<label>$LOCALIZE[31488]</label>
							<onleft>SetFocus(9004)</onleft>
							<onright>SetFocus(9004)</onright>
							<onback>9004</onback>
							<onclick>Dialog.Close(MovieInformation)</onclick>
							<onclick condition="!System.HasAddon(script.embuary.info)">InstallAddon(script.embuary.info)</onclick>
							<onclick>RunScript(script.embuary.info,call=person,query=$INFO[Container(50).ListItem.Label])</onclick>
						</control>
						<control type="button" id="9008">
							<width>650</width>
							<textoffsetx>40</textoffsetx>
							<top>0</top>
							<height>70</height>
							<aligny>center</aligny>
							<align>center</align>
							<texturefocus colordiffuse="$VAR[SkinColorVar]">lists/focus.png</texturefocus>
							<texturenofocus colordiffuse="dialog_tint">colors/white.png</texturenofocus>
							<label>$LOCALIZE[15067]</label>
							<onleft>SetFocus(9004)</onleft>
							<onright>SetFocus(9004)</onright>
							<onback>9004</onback>
							<onclick>SetFocus(9004)</onclick>
						</control>
					</control>
				</control>
			</control>
		</control>
		<control type="button" id="5002">
			<onup condition="!Control.IsVisible(50) + !Control.IsVisible(5100) + !Control.IsVisible(5200) + !Control.IsVisible(5300) + !Control.IsVisible(5400) + !Control.IsVisible(5500) + !Control.IsVisible(5600) + !Control.IsVisible(5700) + !Control.IsVisible(5800) + !Control.IsVisible(5900) + !Control.IsVisible(6000) + !Control.IsVisible(63000)">SetFocus(5000)</onup>
			<onup condition="Control.IsVisible(63000)">SetFocus(63000)</onup>
			<onup condition="Control.IsVisible(6000)">SetFocus(6000)</onup>
			<onup condition="Control.IsVisible(5900)">SetFocus(5900)</onup>
			<onup condition="Control.IsVisible(5800)">SetFocus(5800)</onup>
			<onup condition="Control.IsVisible(5700)">SetFocus(5700)</onup>
			<onup condition="Control.IsVisible(5600)">SetFocus(5600)</onup>
			<onup condition="Control.IsVisible(5500)">SetFocus(5500)</onup>
			<onup condition="Control.IsVisible(5400)">SetFocus(5400)</onup>
			<onup condition="Control.IsVisible(5300)">SetFocus(5300)</onup>
			<onup condition="Control.IsVisible(5200)">SetFocus(5200)</onup>
			<onup condition="Control.IsVisible(5100)">SetFocus(5100)</onup>
			<onup condition="Control.IsVisible(50)">SetFocus(50)</onup>
			<visible allowhiddenfocus="true">false</visible>
			<width>1</width>
			<height>1</height>
			<texturefocus />
			<texturenofocus />
		</control>
		<control type="button" id="9002">
			<visible allowhiddenfocus="true">false</visible>
			<width>1</width>
			<height>1</height>
			<texturefocus />
			<texturenofocus />
			<onclick condition="!String.IsEmpty(Window(Home).Property(TrailerPlaying)) + Player.HasMedia">Stop</onclick>
            <onclick condition="String.IsEmpty(Window(Home).Property(TrailerPlaying))">SetFocus(439)</onclick>
            <onclick condition="!String.IsEmpty(Window(Home).Property(TrailerPlaying))">SetFocus($INFO[Window(Home).Property(TrailerPlaying)])</onclick>
            <onclick>ClearProperty(TrailerPlaying,Home)</onclick>
            <onleft condition="!String.IsEmpty(Window(Home).Property(TrailerPlaying)) + Player.HasMedia">Stop</onleft>
            <onleft condition="String.IsEmpty(Window(Home).Property(TrailerPlaying)) + !Player.HasMedia">SetFocus(439)</onleft>
            <onleft condition="!String.IsEmpty(Window(Home).Property(TrailerPlaying)) + !Player.HasMedia">SetFocus($INFO[Window(Home).Property(TrailerPlaying)])</onleft>
            <onleft condition="!Player.HasMedia">ClearProperty(TrailerPlaying,Home)</onleft>
            <onright condition="!String.IsEmpty(Window(Home).Property(TrailerPlaying)) + Player.HasMedia">Stop</onright>
            <onright condition="String.IsEmpty(Window(Home).Property(TrailerPlaying)) + !Player.HasMedia">SetFocus(439)</onright>
            <onright condition="!String.IsEmpty(Window(Home).Property(TrailerPlaying)) + !Player.HasMedia">SetFocus($INFO[Window(Home).Property(TrailerPlaying)])</onright>
            <onright condition="!Player.HasMedia">ClearProperty(TrailerPlaying,Home)</onright>
            <onup condition="!String.IsEmpty(Window(Home).Property(TrailerPlaying)) + Player.HasMedia">Stop</onup>
            <onup condition="String.IsEmpty(Window(Home).Property(TrailerPlaying))">SetFocus(439)</onup>
            <onup condition="!String.IsEmpty(Window(Home).Property(TrailerPlaying))">SetFocus($INFO[Window(Home).Property(TrailerPlaying)])</onup>
            <onup>ClearProperty(TrailerPlaying,Home)</onup>
            <ondown condition="!String.IsEmpty(Window(Home).Property(TrailerPlaying)) + Player.HasMedia">Stop</ondown>
            <ondown condition="String.IsEmpty(Window(Home).Property(TrailerPlaying))">SetFocus(439)</ondown>
            <ondown condition="!String.IsEmpty(Window(Home).Property(TrailerPlaying))">SetFocus($INFO[Window(Home).Property(TrailerPlaying)])</ondown>
            <ondown>ClearProperty(TrailerPlaying,Home)</ondown>
            <onback>439</onback>
            <onback condition="!String.IsEmpty(Window(Home).Property(TrailerPlaying)) + Player.HasMedia">Stop</onback>
            <onback condition="String.IsEmpty(Window(Home).Property(TrailerPlaying))">SetFocus(439)</onback>
            <onback condition="!String.IsEmpty(Window(Home).Property(TrailerPlaying))">SetFocus($INFO[Window(Home).Property(TrailerPlaying)])</onback>
            <onback>ClearProperty(TrailerPlaying,Home)</onback>
            <oninfo>439</oninfo>
            <oninfo condition="!String.IsEmpty(Window(Home).Property(TrailerPlaying)) + Player.HasMedia">Stop</oninfo>
            <oninfo condition="String.IsEmpty(Window(Home).Property(TrailerPlaying))">SetFocus(439)</oninfo>
            <oninfo condition="!String.IsEmpty(Window(Home).Property(TrailerPlaying))">SetFocus($INFO[Window(Home).Property(TrailerPlaying)])</oninfo>
            <oninfo>ClearProperty(TrailerPlaying,Home)</oninfo>
		</control>
		<control type="videowindow">
			<centerleft>50%</centerleft>
			<centertop>50%</centertop>
			<width>100%</width>
			<height>100%</height>
			<visible>Skin.HasSetting(TrailerFullscreen)</visible>
		</control>
		<control type="group">
			<visible>Player.HasVideo + String.IsEqual(Window(Home).Property(TrailerPlaying),439)</visible>
			<visible>!Skin.HasSetting(TrailerFullscreen)</visible>
			<control type="image">
				<centerleft>50%</centerleft>
				<centertop>50%</centertop>
				<width>1290</width>
				<height>730</height>
				<texture colordiffuse="$VAR[SkinColorVar]">colors/white.png</texture>
			</control>
			<control type="image">
				<centerleft>50%</centerleft>
				<centertop>50%</centertop>
				<width>1280</width>
				<height>720</height>
				<texture>colors/black.png</texture>
			</control>
			<control type="videowindow">
				<centerleft>50%</centerleft>
				<centertop>50%</centertop>
				<width>1280</width>
				<height>720</height>
			</control>
			<control type="group">
				<height>50</height>
				<width>1290</width>
				<bottom>100</bottom>
				<centerleft>50%</centerleft>
				<control type="progress">
					<description>Progressbar</description>
					<height>10</height>
					<width>100%</width>
					<info>Player.Progress</info>
					<texturebg border="3" colordiffuse="80FFFFFF">colors/white50.png</texturebg>
					<midtexture colordiffuse="$VAR[SkinColorVar]">colors/white.png</midtexture>
				</control>
				<control type="group">
					<top>20</top>
					<control type="label">
						<left>0</left>
						<font>font12</font>
						<align>left</align>
						<width>1120</width>
						<label>$INFO[Player.Title]</label>
						<scroll>true</scroll>
					</control>
					<control type="label">
						<right>0</right>
						<font>font12</font>
						<align>right</align>
						<width>150</width>
						<label>$INFO[Player.Time]$INFO[Player.Duration, / ,]</label>
					</control>
				</control>
			</control>
		</control>
	</controls>
</window>
