<?xml version="1.0" encoding="utf-8"?>
<window>
	<defaultcontrol always="true">5000</defaultcontrol>
	<onload>SetProperty(infobackground,$ESCINFO[ListItem.Art(fanart)],home)</onload>
	<onunload>ClearProperty(infobackground,home)</onunload>
	<controls>
		<control type="group">
			<control type="group">
				<top>50</top>
				<left>50</left>
				<include>OpenClose_Right</include>
				<control type="image">
					<top>-20</top>
					<left>-20</left>
					<width>340</width>
					<height>340</height>
					<texture>colors/black.png</texture>
					<bordertexture border="21">overlays/shadow.png</bordertexture>
					<bordersize>20</bordersize>
				</control>
				<control type="button" id="1300">
					<left>-25</left>
					<top>-25</top>
					<width>350</width>
					<height>350</height>
					<onright>138</onright>
					<ondown>5000</ondown>
					<onclick>SetFocus(9003)</onclick>
					<label/>
					<texturenofocus/>
					<visible>[Container.Content(albums) | Container.Content(songs)] + !String.IsEmpty(ListItem.Art(back))</visible>
				</control>
				<control type="image">
					<left>0</left>
					<top>0</top>
					<width>300</width>
					<height>300</height>
					<aspectratio>scale</aspectratio>
					<fadetime>300</fadetime>
					<texture background="true" fallback="DefaultAudio.png">$VAR[MusicInfoThumbVar]</texture>
					<animation effect="fade" time="150">VisibleChange</animation>
				</control>
				<control type="image">
					<left>-20</left>
					<top>351</top>
					<width>340</width>
					<height>96</height>
					<aspectratio aligny="bottom">keep</aspectratio>
					<texture>$VAR[BannerVar]</texture>
					<bordertexture border="21">overlays/shadow.png</bordertexture>
					<bordersize>20</bordersize>
				</control>
			</control>
			<control type="image" id="3334">
				<top>170</top>
				<right>50</right>
				<width>284</width>
				<height>110</height>
				<aspectratio align="right" aligny="top">keep</aspectratio>
				<texture background="true" fallback="fallback.png">$VAR[ClearLogoVar]</texture>
				<include>OpenClose_Right</include>
			</control>
			<control type="group">
				<include>OpenClose_Right</include>
				<left>384</left>
				<right>30</right>
				<top>50</top>
				<control type="label">
					<top>-14</top>
					<left>16</left>
					<right>20</right>
					<label>$VAR[MusicInfoMainLabelVar]</label>
					<font>font52_title</font>
					<shadowcolor>$VAR[ShadowColorVar]</shadowcolor>
					<height>65</height>
					<align>left</align>
					<scroll>true</scroll>
				</control>
				<control type="label">
					<top>55</top>
					<left>16</left>
					<right>20</right>
					<label>[B]$VAR[MusicInfoSubLabelVar][/B]</label>
					<font>fontplot2</font>
					<shadowcolor>$VAR[ShadowColorVar]</shadowcolor>
					<height>65</height>
					<align>left</align>
					<textcolor>$VAR[SkinColorVar]</textcolor>
					<scroll>true</scroll>
				</control>
				<control type="group" id="140">
					<top>80</top>
					<control type="button" id="138">
						<left>-8</left>
						<right>315</right>
						<height>367</height>
						<aligny>bottom</aligny>
						<label/>
						<onclick>SetProperty(TextViewer_Header,$LOCALIZE[21821],home)</onclick>
						<onclick>SetProperty(TextViewer_Text,$ESCVAR[MusicInfoTextboxVar],home)</onclick>
						<onclick>ActivateWindow(1102)</onclick>
						<onleft condition="!String.IsEmpty(ListItem.Art(back))">1300</onleft>
						<ondown>5000</ondown>
						<onup>5002</onup>
						<texturenofocus border="21"></texturenofocus>
						<visible>!String.IsEqual(Control.GetLabel(3334),fallback.png) + [String.IsEmpty(ListItem.Rating) + String.IsEmpty(ListItem.UserRating)]</visible>
						<visible>Container.Content(artists) | Container.Content(albums)</visible>
					</control>
					<control type="textbox">
						<left>16</left>
						<top>23</top>
						<right>340</right>
						<height>316</height>
						<align>left</align>
						<font>fontplot2</font>
						<label fallback="19055">$VAR[MusicInfoTextboxVar]</label>
						<autoscroll delay="12000" time="4000" repeat="10000">Skin.HasSetting(AutoScroll)</autoscroll>
						<visible>!String.IsEqual(Control.GetLabel(3334),fallback.png) + [String.IsEmpty(ListItem.Rating) + String.IsEmpty(ListItem.UserRating)]</visible>
						<visible>Container.Content(artists) | Container.Content(albums)</visible>
					</control>
					<control type="button" id="138">
						<left>-8</left>
						<right>-5</right>
						<height>367</height>
						<aligny>bottom</aligny>
						<label/>
						<onclick>SetProperty(TextViewer_Header,$LOCALIZE[21821],home)</onclick>
						<onclick>SetProperty(TextViewer_Text,$ESCVAR[MusicInfoTextboxVar],home)</onclick>
						<onclick>ActivateWindow(1102)</onclick>
						<onleft condition="!String.IsEmpty(ListItem.Art(back))">1300</onleft>
						<onright>138</onright>
						<ondown>5000</ondown>
						<onup>5002</onup>
						<texturenofocus border="21"></texturenofocus>
						<visible>String.IsEqual(Control.GetLabel(3334),fallback.png) + [String.IsEmpty(ListItem.Rating) + String.IsEmpty(ListItem.UserRating)]</visible>
						<visible>Container.Content(artists) | Container.Content(albums)</visible>
					</control>
					<control type="textbox">
						<left>16</left>
						<top>23</top>
						<right>20</right>
						<height>316</height>
						<align>left</align>
						<font>fontplot2</font>
						<label fallback="19055">$VAR[MusicInfoTextboxVar]</label>
						<autoscroll delay="12000" time="4000" repeat="10000">Skin.HasSetting(AutoScroll)</autoscroll>
						<visible>String.IsEqual(Control.GetLabel(3334),fallback.png) + [String.IsEmpty(ListItem.Rating) + String.IsEmpty(ListItem.UserRating)]</visible>
						<visible>Container.Content(artists) | Container.Content(albums)</visible>
					</control>
					<control type="button" id="138">
						<left>-8</left>
						<right>315</right>
						<height>295</height>
						<aligny>bottom</aligny>
						<label/>
						<onclick>SetProperty(TextViewer_Header,$LOCALIZE[21821],home)</onclick>
						<onclick>SetProperty(TextViewer_Text,$ESCVAR[MusicInfoTextboxVar],home)</onclick>
						<onclick>ActivateWindow(1102)</onclick>
						<onleft condition="!String.IsEmpty(ListItem.Art(back))">1300</onleft>
						<ondown>5000</ondown>
						<onup>5002</onup>
						<texturenofocus border="21"></texturenofocus>
						<visible>!String.IsEqual(Control.GetLabel(3334),fallback.png) + ![String.IsEmpty(ListItem.Rating) + String.IsEmpty(ListItem.UserRating)]</visible>
						<visible>Container.Content(artists) | Container.Content(albums)</visible>
					</control>
					<control type="textbox">
						<left>16</left>
						<top>23</top>
						<right>340</right>
						<height>249</height>
						<align>left</align>
						<font>fontplot2</font>
						<label fallback="19055">$VAR[MusicInfoTextboxVar]</label>
						<autoscroll delay="12000" time="4000" repeat="10000">Skin.HasSetting(AutoScroll)</autoscroll>
						<visible>!String.IsEqual(Control.GetLabel(3334),fallback.png) + ![String.IsEmpty(ListItem.Rating) + String.IsEmpty(ListItem.UserRating)]</visible>
						<visible>Container.Content(artists) | Container.Content(albums)</visible>
					</control>
					<control type="button" id="138">
						<left>-8</left>
						<right>-5</right>
						<height>295</height>
						<aligny>bottom</aligny>
						<label/>
						<onclick>SetProperty(TextViewer_Header,$LOCALIZE[21821],home)</onclick>
						<onclick>SetProperty(TextViewer_Text,$ESCVAR[MusicInfoTextboxVar],home)</onclick>
						<onclick>ActivateWindow(1102)</onclick>
						<onleft condition="!String.IsEmpty(ListItem.Art(back))">1300</onleft>
						<onright>138</onright>
						<ondown>5000</ondown>
						<onup>5002</onup>
						<texturenofocus border="21"></texturenofocus>
						<visible>String.IsEqual(Control.GetLabel(3334),fallback.png) + ![String.IsEmpty(ListItem.Rating) + String.IsEmpty(ListItem.UserRating)]</visible>
						<visible>Container.Content(artists) | Container.Content(albums)</visible>
					</control>
					<control type="textbox">
						<left>16</left>
						<top>23</top>
						<right>20</right>
						<height>249</height>
						<align>left</align>
						<font>fontplot2</font>
						<label fallback="19055">$VAR[MusicInfoTextboxVar]</label>
						<autoscroll delay="12000" time="4000" repeat="10000">Skin.HasSetting(AutoScroll)</autoscroll>
						<visible>String.IsEqual(Control.GetLabel(3334),fallback.png) + ![String.IsEmpty(ListItem.Rating) + String.IsEmpty(ListItem.UserRating)]</visible>
						<visible>Container.Content(artists) | Container.Content(albums)</visible>
					</control>
					<control type="button" id="138">
						<left>-8</left>
						<right>315</right>
						<height>295</height>
						<aligny>bottom</aligny>
						<label/>
						<onclick>SetProperty(TextViewer_Header,$LOCALIZE[21821],home)</onclick>
						<onclick>SetProperty(TextViewer_Text,$ESCVAR[MusicInfoTextboxVar],home)</onclick>
						<onclick>ActivateWindow(1102)</onclick>
						<onleft condition="!String.IsEmpty(ListItem.Art(back))">1300</onleft>
						<onright>138</onright>
						<ondown>5000</ondown>
						<onup>5002</onup>
						<texturenofocus border="21"></texturenofocus>
						<visible>!String.IsEqual(Control.GetLabel(3334),fallback.png)</visible>
						<visible>Container.Content(songs)</visible>
					</control>
					<control type="textbox">
						<left>16</left>
						<top>23</top>
						<right>340</right>
						<height>249</height>
						<align>left</align>
						<font>fontplot2</font>
						<label fallback="19055">$VAR[MusicInfoTextboxVar]</label>
						<autoscroll delay="12000" time="4000" repeat="10000">Skin.HasSetting(AutoScroll)</autoscroll>
						<visible>!String.IsEqual(Control.GetLabel(3334),fallback.png)</visible>
						<visible>Container.Content(songs)</visible>
					</control>
					<control type="button" id="138">
						<left>-8</left>
						<right>-5</right>
						<height>295</height>
						<aligny>bottom</aligny>
						<label/>
						<onclick>SetProperty(TextViewer_Header,$LOCALIZE[21821],home)</onclick>
						<onclick>SetProperty(TextViewer_Text,$ESCVAR[MusicInfoTextboxVar],home)</onclick>
						<onclick>ActivateWindow(1102)</onclick>
						<onleft condition="!String.IsEmpty(ListItem.Art(back))">1300</onleft>
						<onright>138</onright>
						<ondown>5000</ondown>
						<onup>5002</onup>
						<texturenofocus border="21"></texturenofocus>
						<visible>String.IsEqual(Control.GetLabel(3334),fallback.png)</visible>
						<visible>Container.Content(songs)</visible>
					</control>
					<control type="textbox">
						<left>16</left>
						<top>23</top>
						<right>20</right>
						<height>249</height>
						<align>left</align>
						<font>fontplot2</font>
						<label fallback="19055">$VAR[MusicInfoTextboxVar]</label>
						<autoscroll delay="12000" time="4000" repeat="10000">Skin.HasSetting(AutoScroll)</autoscroll>
						<visible>String.IsEqual(Control.GetLabel(3334),fallback.png)</visible>
						<visible>Container.Content(songs)</visible>
					</control>
				</control>
				<control type="grouplist" id="5000">
					<left>-354</left>
					<top>435</top>
					<right>-30</right>
					<height>400</height>
					<onleft>5000</onleft>
					<onright>5000</onright>
					<onup>140</onup>
					<ondown condition="Control.IsVisible(63000)">SetFocus(63000)</ondown>
					<ondown condition="Control.IsVisible(5100)">SetFocus(5100)</ondown>
					<ondown condition="Control.IsVisible(50)">SetFocus(50)</ondown>
					<ondown condition="!Control.IsVisible(50) + !Control.IsVisible(5100) + !Control.IsVisible(63000)">SetFocus(5002)</ondown>
					<align>left</align>
					<itemgap>-16</itemgap>
					<orientation>horizontal</orientation>
					<scrolltime tween="quadratic">200</scrolltime>
					<include content="InfoDialogSmallButton" condition="!String.IsEqual(ListItem.DBType,artist)">
						<param name="id" value="88" />
						<param name="icon" value="icons/infodialogs/play.png" />
						<param name="onclick_1" value="PlayMedia($INFO[ListItem.FilenameAndPath])" />
						<param name="condition_1" value="String.IsEmpty(ListItem.DBID)" />
						<param name="onclick_2" value="RunScript(script.playalbum,albumid=$INFO[ListItem.DBID])" />
						<param name="condition_2" value="System.HasAddon(script.playalbum) + String.IsEqual(ListItem.DBType,album)" />
						<param name="onclick_3" value="RunScript(script.playalbum,songid=$INFO[ListItem.DBID])" />
						<param name="condition_3" value="System.HasAddon(script.playalbum) + String.IsEqual(ListItem.DBType,song)" />
						<param name="onclick_4" value="Action(close)" />
						<param name="condition_4" value="System.HasAddon(script.playalbum)" />
						<param name="onclick_5" value="InstallAddon(script.playalbum)" />
						<param name="condition_5" value="!System.HasAddon(script.playalbum) + !String.IsEmpty(ListItem.DBID)" />
					</include>
					<include content="InfoDialogSmallButton" condition="[String.IsEqual(ListItem.DBType,album) | String.IsEqual(ListItem.DBType,song)]">
						<param name="id" value="77" />
						<param name="icon" value="icons/infodialogs/rating.png" />
						<param name="onclick_1" value="SendClick(7)" />
					</include>
					<include content="InfoDialogSmallButton" condition="System.AddonIsEnabled(script.metadata.editor)">
						<param name="id" value="442" />
						<param name="icon" value="icons/infodialogs/edit.png" />
						<param name="onclick_1" value="RunScript(script.metadata.editor,DBID=$INFO[ListItem.DBID])" />
						<param name="label" value="$LOCALIZE[21435]" />
					</include>
					<include content="InfoDialogSmallButton">
						<param name="id" value="103" />
						<param name="icon" value="icons/infodialogs/artworkdownloader.png" />
						<param name="label" value="$LOCALIZE[13511]" />
						<param name="onclick_1" value="SendClick(10)" />
					</include>
					<include content="InfoDialogSmallButton" condition="!String.IsEqual(ListItem.DBType,song)">
						<param name="id" value="66" />
						<param name="icon" value="icons/infodialogs/update.png" />
						<param name="onclick_1" value="SendClick(6)" />
					</include>
				</control>
			</control>
			<control type="label">
				<right>50</right>
				<top>604</top>
				<align>right</align>
				<width>1400</width>
				<height>44</height>
				<font>font20_title</font>
				<textcolor>FFFFFFFF</textcolor>
				<shadowcolor>$VAR[ShadowColorVar]</shadowcolor>
				<haspath>true</haspath>
				<label>$INFO[ListItem.FileNameAndPath]</label>
				<visible>Control.HasFocus(6)</visible>
				<animation effect="fade" start="0" end="100" time="300" delay="300">WindowOpen</animation>
				<animation effect="fade" start="100" end="0" time="200">WindowClose</animation>
				<animation effect="fade" start="0" end="100" time="300">Visible</animation>
				<animation effect="fade" start="100" end="0" time="200">Hidden</animation>
			</control>
			<control type="label">
				<right>50</right>
				<top>604</top>
				<align>right</align>
				<width>1400</width>
				<height>44</height>
				<font>font20_title</font>
				<textcolor>FFFFFFFF</textcolor>
				<shadowcolor>$VAR[ShadowColorVar]</shadowcolor>
				<haspath>true</haspath>
				<label>$VAR[DialogMusicInfoThumbBackVar]</label>
				<visible>Control.HasFocus(138)</visible>
				<animation effect="fade" start="0" end="100" time="300" delay="300">WindowOpen</animation>
				<animation effect="fade" start="100" end="0" time="200">WindowClose</animation>
				<animation effect="fade" start="0" end="100" time="300">Visible</animation>
				<animation effect="fade" start="100" end="0" time="200">Hidden</animation>
			</control>
			<control type="label">
				<right>50</right>
				<top>604</top>
				<align>right</align>
				<width>1400</width>
				<height>44</height>
				<font>font20_title</font>
				<textcolor>FFFFFFFF</textcolor>
				<shadowcolor>$VAR[ShadowColorVar]</shadowcolor>
				<haspath>true</haspath>
				<label>$LOCALIZE[31504]</label>
				<visible>Control.HasFocus(1300)</visible>
				<animation effect="fade" start="0" end="100" time="300" delay="300">WindowOpen</animation>
				<animation effect="fade" start="100" end="0" time="200">WindowClose</animation>
				<animation effect="fade" start="0" end="100" time="300">Visible</animation>
				<animation effect="fade" start="100" end="0" time="200">Hidden</animation>
			</control>
		</control>
		<control type="group">
			<include>OpenClose_Right</include>
			<top>365</top>
			<left>50</left>
			<width>300</width>
			<control type="label">
				<width>300</width>
				<label>$INFO[ListItem.Genre,$LOCALIZE[515] : [COLOR white],[/COLOR]]</label>
				<font>fontplot</font>
				<textcolor>$VAR[SkinColorVar]</textcolor>
				<scroll>true</scroll>
			</control>
		</control>
		<control type="group">
			<left>30</left>
			<top>600</top>
			<height>90</height>
			<right>55</right>
			<include>OpenClose_Right</include>
			<control type="image">
				<left>-2</left>
				<top>13</top>
				<width>11</width>
				<height>11</height>
				<texture colordiffuse="$VAR[SkinColorVar]">frame/puce.png</texture>
				<visible>Control.HasFocus(5002) | Control.HasFocus(63000) | Control.HasFocus(50) | Control.HasFocus(5100)</visible>
			</control>
			<control type="label">
				<left>18</left>
				<top>0</top>
				<right>-7</right>
				<height>90</height>
				<label>$VAR[DialogInfoButtonsVar]</label>
				<font>font25_title</font>
				<shadowcolor>$VAR[ShadowColorVar]</shadowcolor>
				<scroll>true</scroll>
			</control>
		</control>
		<control type="grouplist" id="5001">
			<left>-30</left>
			<top>650</top>
			<include>OpenClose_Right</include>
			<orientation>vertical</orientation>
			<bottom>0</bottom>
			<scrolltime tween="cubic" easing="out">500</scrolltime>
			<itemgap>50</itemgap>
			<onup>5000</onup>
			<ondown>5002</ondown>
			<usecontrolcoords>true</usecontrolcoords>
			<pagecontrol>5010</pagecontrol>
			<visible>!Control.HasFocus(5002)</visible>
			<animation effect="fade" time="100">VisibleChange</animation>
			<include content="WidgetListSquareInfo" condition="String.IsEqual(ListItem.DBTYPE,artist)">
				<param name="list_id" value="50"/>
				<param name="content_path" value="musicdb://artists/$INFO[ListItem.DBID]/"/>
				<param name="sortby" value="year"/>
				<param name="sortorder" value="ascending"/>
				<param name="limit" value="100"/>
				<param name="onclick" value="Dialog.Close(MusicInformation)" />
				<param name="onclick2" value="ActivateWindow(Music,musicdb://albums/$INFO[ListItem.DBID]/,return)" />
			</include>
		</control>
		<control type="group">
			<bottom>0</bottom>
			<height>430</height>
			<control type="image" id="3335">
				<top>0</top>
				<right>50</right>
				<width>360</width>
				<height>360</height>
				<aspectratio>keep</aspectratio>
				<texture background="true" align="right" fallback="fallback.png">$VAR[DialogInfoMusicArtVar]</texture>
				<visible>Control.HasFocus(5002) | [!Control.IsVisible(50) + !Control.IsVisible(5100) + !Control.IsVisible(63000)]</visible>
				<include>OpenClose_Right</include>
				<animation effect="fade" time="100">VisibleChange</animation>
				<animation effect="slide" end="0,149" time="0" condition="String.IsEmpty(ListItem.Art(discart)) + String.IsEmpty(ListItem.Art(album.discart))">Conditional</animation>
			</control>
			<control type="grouplist" id="6100">
				<top>0</top>
				<left>50</left>
				<height>430</height>
				<orientation>vertical</orientation>
				<itemgap>-5</itemgap>
				<visible>Control.HasFocus(5002) | [!Control.IsVisible(50) + !Control.IsVisible(5100) + !Control.IsVisible(63000)]</visible>
				<include>OpenClose_Right</include>
				<animation effect="fade" time="100">VisibleChange</animation>
				<include content="InfoDialogMetadata">
					<param name="control_id" value="172" />
					<param name="label" value="$LOCALIZE[21893] : [COLOR white]$INFO[ListItem.Property(Artist_Born)][/COLOR]" />
					<param name="visible" value="!String.IsEmpty(ListItem.Property(Artist_Born)) + Container.Content(artists)" />
					<param name="textcolor" value="$VAR[SkinColorVar]" />
					<param name="font" value="fontplot" />
				</include>
				<include content="InfoDialogMetadata">
					<param name="control_id" value="173" />
					<param name="label" value="$LOCALIZE[21897] : [COLOR white]$INFO[ListItem.Property(Artist_Died)][/COLOR]" />
					<param name="visible" value="!String.IsEmpty(ListItem.Property(Artist_Died)) + Container.Content(artists)" />
					<param name="textcolor" value="$VAR[SkinColorVar]" />
					<param name="font" value="fontplot" />
				</include>
				<include content="InfoDialogMetadata">
					<param name="control_id" value="174" />
					<param name="label" value="$LOCALIZE[21894] : [COLOR white]$INFO[ListItem.Property(Artist_Formed)][/COLOR]" />
					<param name="visible" value="!String.IsEmpty(ListItem.Property(Artist_Formed)) + Container.Content(artists)" />
					<param name="textcolor" value="$VAR[SkinColorVar]" />
					<param name="font" value="fontplot" />
				</include>
				<include content="InfoDialogMetadata">
					<param name="control_id" value="175" />
					<param name="label" value="$LOCALIZE[21896] : [COLOR white]$INFO[ListItem.Property(Artist_Disbanded)][/COLOR]" />
					<param name="visible" value="!String.IsEmpty(ListItem.Property(Artist_Disbanded)) + Container.Content(artists)" />
					<param name="textcolor" value="$VAR[SkinColorVar]" />
					<param name="font" value="fontplot" />
				</include>
				<include content="InfoDialogMetadata">
					<param name="control_id" value="176" />
					<param name="label" value="$LOCALIZE[21898] : [COLOR white]$INFO[ListItem.Property(Artist_YearsActive)][/COLOR]" />
					<param name="visible" value="!String.IsEmpty(ListItem.Property(Artist_YearsActive)) + Container.Content(artists)" />
					<param name="textcolor" value="$VAR[SkinColorVar]" />
					<param name="font" value="fontplot" />
				</include>
				<include content="InfoDialogMetadata">
					<param name="control_id" value="170" />
					<param name="label" value="$LOCALIZE[175] : [COLOR white]$INFO[ListItem.Property(Artist_Mood)][/COLOR]" />
					<param name="visible" value="!String.IsEmpty(ListItem.Property(Artist_Mood)) + Container.Content(artists)" />
					<param name="textcolor" value="$VAR[SkinColorVar]" />
					<param name="font" value="fontplot" />
				</include>
				<include content="InfoDialogMetadata">
					<param name="control_id" value="177" />
					<param name="label" value="$LOCALIZE[175] : [COLOR white]$INFO[ListItem.Property(Album_Mood)][/COLOR]" />
					<param name="visible" value="!String.IsEmpty(ListItem.Property(Album_Mood)) + [Container.Content(albums) | Container.Content(songs)]" />
					<param name="textcolor" value="$VAR[SkinColorVar]" />
					<param name="font" value="fontplot" />
				</include>
				<include content="InfoDialogMetadata">
					<param name="control_id" value="171" />
					<param name="label" value="$LOCALIZE[176] : [COLOR white]$INFO[ListItem.Property(Artist_Style)][/COLOR]" />
					<param name="visible" value="!String.IsEmpty(ListItem.Property(Artist_Style)) + Container.Content(artists)" />
					<param name="textcolor" value="$VAR[SkinColorVar]" />
					<param name="font" value="fontplot" />
				</include>
				<include content="InfoDialogMetadata">
					<param name="control_id" value="178" />
					<param name="label" value="$LOCALIZE[176] : [COLOR white]$INFO[ListItem.Property(Album_Style)][/COLOR]" />
					<param name="visible" value="!String.IsEmpty(ListItem.Property(Album_Style)) + [Container.Content(albums) | Container.Content(songs)]" />
					<param name="textcolor" value="$VAR[SkinColorVar]" />
					<param name="font" value="fontplot" />
				</include>
				<include content="InfoDialogMetadata">
					<param name="control_id" value="179" />
					<param name="label" value="$LOCALIZE[21899] : [COLOR white]$INFO[ListItem.Property(Album_Label)][/COLOR]" />
					<param name="visible" value="!String.IsEmpty(ListItem.Property(Album_Label)) + [Container.Content(albums) | Container.Content(songs)]" />
					<param name="textcolor" value="$VAR[SkinColorVar]" />
					<param name="font" value="fontplot" />
				</include>
				<include content="InfoDialogMetadata">
					<param name="control_id" value="161" />
					<param name="label" value="$INFO[ListItem.Rating,$LOCALIZE[563] : [COLOR white],[/COLOR]]" />
					<param name="visible" value="!String.IsEmpty(ListItem.Rating)" />
					<param name="textcolor" value="$VAR[SkinColorVar]" />
					<param name="font" value="fontplot" />
				</include>
				<include content="InfoDialogMetadata">
					<param name="control_id" value="162" />
					<param name="label" value="$INFO[ListItem.Playcount,$LOCALIZE[567] : [COLOR white],[/COLOR]]" />
					<param name="visible" value="!String.IsEmpty(ListItem.Playcount) + [Container.Content(albums) | Container.Content(songs)]" />
					<param name="textcolor" value="$VAR[SkinColorVar]" />
					<param name="font" value="fontplot" />
				</include>
				<include content="InfoDialogMetadata">
					<param name="control_id" value="168" />
					<param name="label" value="$LOCALIZE[31487] : [COLOR white]$INFO[ListItem.DateAdded][/COLOR]" />
					<param name="visible" value="!String.IsEmpty(ListItem.DateAdded)" />
					<param name="textcolor" value="$VAR[SkinColorVar]" />
					<param name="font" value="fontplot" />
				</include>
				<include content="InfoDialogMetadata">
					<param name="control_id" value="169" />
					<param name="label" value="$LOCALIZE[573] : [COLOR white]$INFO[ListItem.FileNameAndPath][/COLOR]" />
					<param name="visible" value="!String.IsEmpty(ListItem.FileNameAndPath)" />
					<param name="textcolor" value="$VAR[SkinColorVar]" />
					<param name="font" value="fontplot" />
				</include>
			</control>
		</control>
		<control type="group">
			<include>OpenClose_Right</include>
			<left>354</left>
			<top>418</top>
			<height>70</height>
			<include content="MediaFlagsInfoDialogLeft">
				<param name="align" value="left" />
			</include>
		</control>
		<control type="image">
			<centerleft>50%</centerleft>
			<bottom>10</bottom>
			<width>24</width>
			<height>12</height>
			<texture colordiffuse="$VAR[SkinColorVar]">overlays/arrowdown.png</texture>
			<animation effect="zoom" start="100,0" end="100,100" center="auto" time="200" delay="10">VisibleChange</animation>
			<visible>ControlGroup(5001).HasFocus</visible>
		</control>
		<control type="image">
			<centerleft>50%</centerleft>
			<bottom>10</bottom>
			<width>24</width>
			<height>12</height>
			<texture colordiffuse="$VAR[SkinColorVar]" flipy="true">overlays/arrowdown.png</texture>
			<animation effect="zoom" start="100,0" end="100,100" center="auto" time="200" delay="10">VisibleChange</animation>
			<visible>Control.HasFocus(5002)</visible>
		</control>
		<control type="group">
			<visible>Control.HasFocus(9001)</visible>
			<animation effect="fade" start="0" end="100" time="350" tween="cubic" easing="inout">Visible</animation>
			<animation effect="fade" start="0" end="100" time="350" tween="cubic" easing="inout">WindowOpen</animation>
			<animation effect="fade" end="0" start="100" time="150">Hidden</animation>
			<animation effect="fade" end="0" start="100" time="150">WindowClose</animation>
			<control type="button" id="9001">
				<visible allowhiddenfocus="true">false</visible>
				<width>1</width>
				<height>1</height>
				<texturefocus />
				<texturenofocus />
				<onleft>Control.Move(63000,-1)</onleft>
				<onright>Control.Move(63000,1)</onright>
				<onup>Control.Move(63000,1)</onup>
				<ondown>Control.Move(63000,-1)</ondown>
				<onback>63000</onback>
				<oninfo>63000</oninfo>
				<onclick>SetFocus(63000)</onclick>
			</control>
			<control type="image">
				<texture colordiffuse="ff000000">colors/white.png</texture>
			</control>
			<control type="group">
				<animation effect="slide" start="0" end="-1920" condition="!Container(63000).OnNext" reversible="false" time="300" tween="quadratic">Conditional</animation>
				<animation effect="slide" start="0" end="1920" condition="!Container(63000).OnPrevious" reversible="false" time="300" tween="quadratic">Conditional</animation>
				<control type="image">
					<centerleft>50%</centerleft>
					<centertop>50%</centertop>
					<width>1920</width>
					<height>1080</height>
					<left>-1920</left>
					<aspectratio>keep</aspectratio>
					<texture background="true">$INFO[Container(63000).ListItem(-1).FileNameAndPath]</texture>
				</control>
				<control type="image">
					<centerleft>50%</centerleft>
					<centertop>50%</centertop>
					<width>1920</width>
					<height>1080</height>
					<aspectratio>keep</aspectratio>
					<texture background="true">$INFO[Container(63000).ListItem.FileNameAndPath]</texture>
				</control>
				<control type="image">
					<centerleft>50%</centerleft>
					<centertop>50%</centertop>
					<width>1920</width>
					<height>1080</height>
					<left>1920</left>
					<aspectratio>keep</aspectratio>
					<texture background="true">$INFO[Container(63000).ListItem(1).FileNameAndPath]</texture>
				</control>
			</control>
		</control>
		<control type="group">
			<visible>Control.HasFocus(9003)</visible>
			<animation effect="fade" start="0" end="100" time="350" tween="cubic" easing="inout">Visible</animation>
			<animation effect="fade" start="0" end="100" time="350" tween="cubic" easing="inout">WindowOpen</animation>
			<animation effect="fade" end="0" start="100" time="150">Hidden</animation>
			<animation effect="fade" end="0" start="100" time="150">WindowClose</animation>
			<control type="button" id="9003">
				<visible allowhiddenfocus="true">false</visible>
				<width>1</width>
				<height>1</height>
				<texturefocus />
				<texturenofocus />
				<onleft>1300</onleft>
				<onright>1300</onright>
				<onup>1300</onup>
				<ondown>1300</ondown>
				<onback>1300</onback>
				<oninfo>1300</oninfo>
				<onclick>SetFocus(1300)</onclick>
			</control>
			<control type="image">
				<texture colordiffuse="C2FFFFFF">colors/black.png</texture>
			</control>
			<control type="image">
				<centerleft>50%</centerleft>
				<centertop>50%</centertop>
				<width>710</width>
				<height>710</height>
				<aspectratio>keep</aspectratio>
				<texture background="true">$INFO[ListItem.Art(back)]</texture>
				<bordertexture colordiffuse="$VAR[SkinColorVar]">colors/white.png</bordertexture>
      			<bordersize>5</bordersize>
			</control>
		</control>
		<control type="button" id="5002">
			<onup condition="!Control.IsVisible(50) + !Control.IsVisible(5100) + !Control.IsVisible(63000)">SetFocus(5000)</onup>
			<onup condition="Control.IsVisible(63000)">SetFocus(63000)</onup>
			<onup condition="Control.IsVisible(5100)">SetFocus(5100)</onup>
			<onup condition="Control.IsVisible(50)">SetFocus(50)</onup>
			<visible allowhiddenfocus="true">false</visible>
			<width>1</width>
			<height>1</height>
			<texturefocus />
			<texturenofocus />
		</control>
	</controls>
</window>
