<?xml version="1.0" encoding="utf-8"?>
<window type="dialog" id="1131">
	<defaultcontrol always="true">11000</defaultcontrol>
	<include>Animation_DialogPopupOpenClose</include>
	<controls>
		<control type="group">
			<centerleft>50%</centerleft>
			<height>570</height>
			<centertop>50%</centertop>
			<width>1344</width>
			<include content="DialogBackgroundCommons">
				<param name="width" value="1344" />
				<param name="height" value="570" />
				<param name="header_label" value="$LOCALIZE[31023]" />
				<param name="header_id" value="1" />
			</include>
			<control type="group" id="11000">
				<left>0</left>
				<top>80</top>
				<control type="image">
					<left>450</left>
					<top>-10</top>
					<height>490</height>
					<width>894</width>
					<texture colordiffuse="border_alpha">colors/black.png</texture>
				</control>
				<control type="image">
					<top>20</top>
					<left>493</left>
					<height>450</height>
					<width>800</width>
					<aspectratio align="center" aligny="center">keep</aspectratio>
					<texture fallback="special://skin/extras/themes/splash.png">$VAR[SettingsViewsImagesVar]</texture>
					<bordertexture colordiffuse="border_alpha">colors/black.png</bordertexture>
					<bordersize>4</bordersize>
				</control>
				<control type="grouplist" id="11100">
					<width>450</width>
					<height>490</height>
					<itemgap>0</itemgap>
					<onup>11100</onup>
					<ondown>11100</ondown>
					<onright>60</onright>
					<onleft>60</onleft>
					<pagecontrol>60</pagecontrol>
					<orientation>vertical</orientation>
					<align>top</align>
					<control type="button" id="11111">
						<label>$LOCALIZE[535]</label>
						<include>DefaultSettingButton</include>
						<onclick>Container.SetViewMode(50)</onclick>
						<onclick>Action(close)</onclick>
						<visible>Container.Content(movies) | Container.Content(sets) | Container.Content(tvshows) | Container.Content(seasons) | Container.Content(episodes)</visible>
					</control>
					<control type="button" id="11116">
						<label>$LOCALIZE[31107]</label>
						<include>DefaultSettingButton</include>
						<onclick>Container.SetViewMode(55)</onclick>
						<onclick>Action(close)</onclick>
						<visible>Container.Content(tvshows) | Container.Content(seasons) | Container.Content(episodes) | Container.Content(movies) | Container.Content(sets) | Container.Content(musicvideos) | Container.Content(artists) | Container.Content(albums)</visible>
					</control>
					<control type="button" id="11112">
						<label>$LOCALIZE[20021]</label>
						<include>DefaultSettingButton</include>
						<onclick>Container.SetViewMode(51)</onclick>
						<onclick>Action(close)</onclick>
						<visible>Container.Content(movies) | Container.Content(seasons) | Container.Content(sets) | Container.Content(tvshows)</visible>
					</control>
					<control type="button" id="11113">
						<label>$LOCALIZE[31100]</label>
						<include>DefaultSettingButton</include>
						<onclick>Container.SetViewMode(53)</onclick>
						<onclick>Action(close)</onclick>
						<visible>Container.Content(movies) | Container.Content(sets) | Container.Content(tvshows) | Container.Content(seasons) | Container.Content(musicvideos) | Container.Content(artists) | Container.Content(albums) | Container.Content(images)</visible>
					</control>
					<control type="button" id="11114">
						<label>$LOCALIZE[31101]</label>
						<include>DefaultSettingButton</include>
						<onclick>Container.SetViewMode(54)</onclick>
						<onclick>Action(close)</onclick>
						<visible>Container.Content(sets) | Container.Content(movies) | Container.Content(tvshows) | Container.Content(seasons) | Container.Content(episodes) | Container.Content(musicvideos) | Container.Content(images) | Container.Content(artists) | Container.Content(albums)</visible>
					</control>
					<control type="button" id="11115">
						<label>$LOCALIZE[31216]</label>
						<include>DefaultSettingButton</include>
						<onclick>Container.SetViewMode(505)</onclick>
						<onclick>Action(close)</onclick>
						<visible>Container.Content(sets) | Container.Content(movies) | Container.Content(tvshows) | Container.Content(seasons) | Container.Content(artists)</visible>
					</control>
					<control type="button" id="11117">
						<label>$LOCALIZE[31102]</label>
						<include>DefaultSettingButton</include>
						<onclick>Container.SetViewMode(500)</onclick>
						<onclick>Action(close)</onclick>
						<visible>Container.Content(movies) | Container.Content(sets) | Container.Content(tvshows) | Container.Content(seasons) | Container.Content(episodes) | Container.Content(artists) | Container.Content(albums) | Container.Content(musicvideos) | Container.Content(images)</visible>
					</control>
					<control type="button" id="11118">
						<label>$LOCALIZE[31215]</label>
						<include>DefaultSettingButton</include>
						<onclick>Container.SetViewMode(504)</onclick>
						<onclick>Action(close)</onclick>
						<visible>Container.Content(movies) | Container.Content(sets) | Container.Content(tvshows) | Container.Content(seasons) | Container.Content(artists)</visible>
					</control>
					<control type="button" id="11119">
						<label>$LOCALIZE[20020]</label>
						<include>DefaultSettingButton</include>
						<onclick>Container.SetViewMode(501)</onclick>
						<onclick>Action(close)</onclick>
						<visible>Container.Content(movies) | Container.Content(tvshows)</visible>
					</control>
					<control type="button" id="11120">
						<label>$LOCALIZE[20445]</label>
						<include>DefaultSettingButton</include>
						<onclick>Container.SetViewMode(502)</onclick>
						<onclick>Action(close)</onclick>
						<visible>Container.Content(movies) | Container.Content(sets) | Container.Content(tvshows) | Container.Content(seasons) | Container.Content(episodes) | Container.Content(musicvideos)</visible>
					</control>
					<control type="button" id="11126">
						<label>$LOCALIZE[31620]</label>
						<include>DefaultSettingButton</include>
						<onclick>Container.SetViewMode(510)</onclick>
						<onclick>Action(close)</onclick>
						<visible>Container.Content(movies) | Container.Content(tvshows) | Container.Content(musicvideos)</visible>
					</control>
					<control type="button" id="11121">
						<label>$LOCALIZE[31205]</label>
						<include>DefaultSettingButton</include>
						<onclick>Container.SetViewMode(503)</onclick>
						<onclick>Action(close)</onclick>
						<visible>Container.Content(sets) | Container.Content(episodes) | Container.Content(tvshows) | Container.Content(movies)</visible>
					</control>
					<control type="button" id="11122">
						<label>$LOCALIZE[31217]</label>
						<include>DefaultSettingButton</include>
						<onclick>Container.SetViewMode(506)</onclick>
						<onclick>Action(close)</onclick>
						<visible>Container.Content(images) | Container.Content(movies) | Container.Content(sets) | Container.Content(tvshows) | Container.Content(seasons) | Container.Content(artists) | Container.Content(albums) | Container.Content(musicvideos)</visible>
					</control>
					<control type="button" id="11123">
						<label>$LOCALIZE[31346]</label>
						<include>DefaultSettingButton</include>
						<onclick>Container.SetViewMode(507)</onclick>
						<onclick>Action(close)</onclick>
						<visible>Container.Content(images) | Container.Content(movies) | Container.Content(sets) | Container.Content(tvshows) | Container.Content(seasons) | Container.Content(artists) | Container.Content(albums) | Container.Content(musicvideos)</visible>
					</control>
					<control type="button" id="11124">
						<label>$LOCALIZE[31412]</label>
						<include>DefaultSettingButton</include>
						<onclick>Container.SetViewMode(508)</onclick>
						<onclick>Action(close)</onclick>
						<visible>Container.Content(artists) | Container.Content(albums) | Container.Content(sets) | Container.Content(seasons)</visible>
					</control>
					<control type="button" id="11125">
						<label>$LOCALIZE[31414]</label>
						<include>DefaultSettingButton</include>
						<onclick>Container.SetViewMode(509)</onclick>
						<onclick>Action(close)</onclick>
						<visible>Container.Content(artists) | Container.Content(tvshows)</visible>
					</control>
				</control>
				<include content="SettingsScrollbar">
					<param name="height">485</param>
					<param name="right">894</param>
					<param name="leftright">11100</param>
				</include>
			</control>
		</control>
	</controls>
</window>