<?xml version="1.0" encoding="UTF-8"?>
<window>
	<depth>DepthOSD</depth>
	<defaultcontrol always="true">5550</defaultcontrol>
	<include>OpenClose_FadeSlide_Right</include>
	<controls>
		<control type="group">
			<bottom>0</bottom>
			<height>400</height>
			<animation effect="slide" end="0,-140" time="0" condition="Skin.HasSetting(ScopeMode) + String.IsEqual(Skin.String(scope_mode),$LOCALIZE[31476])">Conditional</animation>
			<animation effect="slide" end="0,-135" time="0" condition="Skin.HasSetting(ScopeMode) + String.IsEqual(Skin.String(scope_mode),$LOCALIZE[31479])">Conditional</animation>
			<animation effect="slide" end="0,-131.5" time="0" condition="Skin.HasSetting(ScopeMode) + String.IsEqual(Skin.String(scope_mode),$LOCALIZE[31475])">Conditional</animation>
			<animation effect="slide" end="0,-21" time="0" condition="Skin.HasSetting(ScopeMode) + String.IsEqual(Skin.String(scope_mode),$LOCALIZE[31478])">Conditional</animation>
			<!-- Player Info -->
			<control type="grouplist">
				<include content="ItemLeft" condition="![Skin.HasSetting(SmallOSDVideo) + Window.IsVisible(fullscreenvideo) + !Window.IsActive(fullscreeninfo)]">
					<param name="left" value="460"/>
				</include>
				<include content="ItemLeft" condition="[Skin.HasSetting(SmallOSDVideo) + Window.IsVisible(fullscreenvideo) + !Window.IsActive(fullscreeninfo)]">
					<param name="left" value="30"/>
				</include>
				<right>30</right>
				<bottom>138</bottom>
				<height>320</height>
				<visible>Control.HasFocus(5552)</visible>
				<animation effect="slide" end="0,-45" time="50" tween="sine" easing="out" condition="PVR.IsTimeShift + !Player.ChannelPreviewActive + ![Skin.HasSetting(SmallOSDVideo) + Window.IsVisible(fullscreenvideo) + !Window.IsActive(fullscreeninfo)]">Conditional</animation>
				<animation effect="slide" end="0,-50" time="50" tween="sine" easing="out" condition="PVR.IsTimeShift + !Player.ChannelPreviewActive + [Skin.HasSetting(SmallOSDVideo) + Window.IsVisible(fullscreenvideo) + !Window.IsActive(fullscreeninfo)]">Conditional</animation>
				<control type="label">
					<height>35</height>
					<width>690</width>
					<aligny>bottom</aligny>
					<label>$INFO[Player.Process(videodecoder),$LOCALIZE[31139] : [COLOR white],]$VAR[VideoHWDecoder, (,)[/COLOR]]</label>
					<font>font12</font>
					<visible>Player.HasVideo</visible>
					<textcolor>$VAR[SkinColorVar]</textcolor>
				</control>
				<control type="label">
					<height>35</height>
					<width>690</width>
					<aligny>bottom</aligny>
					<label>$INFO[Player.Process(amlogic.pixformat),$LOCALIZE[31140] : [COLOR white],[/COLOR]] $VAR[DVTunnelVar]</label>
					<font>font12</font>
					<visible>Player.HasVideo + System.HasAddon(service.coreelec.settings)</visible>
					<textcolor>$VAR[SkinColorVar]</textcolor>
				</control>
				<control type="label">
					<height>35</height>
					<width>690</width>
					<aligny>bottom</aligny>
					<label>$INFO[Player.Process(pixformat),$LOCALIZE[31140] : [COLOR white],[/COLOR]]</label>
					<font>font12</font>
					<visible>Player.HasVideo + !System.HasAddon(service.coreelec.settings)</visible>
					<textcolor>$VAR[SkinColorVar]</textcolor>
				</control>
				<control type="label">
					<height>35</height>
					<width>690</width>
					<aligny>bottom</aligny>
					<label>$INFO[Player.Process(deintmethod),$LOCALIZE[16038] : [COLOR white],[/COLOR]]</label>
					<font>font12</font>
					<visible>Player.HasVideo</visible>
					<textcolor>$VAR[SkinColorVar]</textcolor>
				</control>
				<control type="label">
					<height>35</height>
					<width>690</width>
					<aligny>bottom</aligny>
					<label>$INFO[Player.Process(videowidth),$LOCALIZE[38031] : [COLOR white],x]$INFO[Player.Process(videoheight)]$INFO[Player.Process(videoscantype)]$INFO[Player.Process(videofps),$COMMA , $LOCALIZE[31707]]$INFO[Player.Process(video.live.mibit.rate),$COMMA , $LOCALIZE[31708]][/COLOR]</label>
					<font>font12</font>
					<visible>Player.HasVideo</visible>
					<textcolor>$VAR[SkinColorVar]</textcolor>
					<visible>!String.IsEmpty(Player.Process(video.live.mibit.rate))</visible>
				</control>
				<control type="label">
					<height>35</height>
					<width>690</width>
					<aligny>bottom</aligny>
					<label>$INFO[Player.Process(videowidth),$LOCALIZE[38031] : [COLOR white],x]$INFO[Player.Process(videoheight)]$INFO[Player.Process(videoscantype)]$INFO[Player.Process(videofps),$COMMA , $LOCALIZE[31707]][/COLOR]</label>
					<font>font12</font>
					<visible>Player.HasVideo</visible>
					<textcolor>$VAR[SkinColorVar]</textcolor>
					<visible>String.IsEmpty(Player.Process(video.live.mibit.rate))</visible>
				</control>
				<control type="label">
					<width>690</width>
					<height>35</height>
					<aligny>bottom</aligny>
					<label>$INFO[System.FPS,$LOCALIZE[14220] &amp; $LOCALIZE[439] : [COLOR white], $LOCALIZE[31707]]$INFO[Player.Process(videodar),$COMMA , AR]$INFO[Player.CacheLevel,$COMMA , %][/COLOR]</label>
					<font>font12</font>
					<textcolor>$VAR[SkinColorVar]</textcolor>
					<visible>!String.IsEmpty(System.FPS)</visible>
				</control>
				<control type="label">
					<width>690</width>
					<height>35</height>
					<aligny>bottom</aligny>
					<label>$INFO[Player.Process(amlogic.eoft_gamut),$LOCALIZE[31611] : [COLOR white],[/COLOR]]</label>
					<font>font12</font>
					<textcolor>$VAR[SkinColorVar]</textcolor>
					<visible>!String.IsEmpty(Player.Process(amlogic.eoft_gamut)) + !String.Contains(System.OSVersionInfo,(cpm))</visible>
				</control>
				<control type="label">
					<height>35</height>
					<width>690</width>
					<aligny>bottom</aligny>
					<scroll>true</scroll>
					<label>$LOCALIZE[14250] : [COLOR white]$INFO[Player.Process(audiodecoder)]$INFO[Player.Process(audiobitspersample),$COMMA , bits]$INFO[Player.Process(audiosamplerate),$COMMA , Hz]$INFO[VideoPlayer.AudioBitrate,$COMMA , kb/s][/COLOR]</label>
					<font>font12</font>
					<textcolor>$VAR[SkinColorVar]</textcolor>
					<visible>!String.IsEmpty(VideoPlayer.AudioBitrate)</visible>
				</control>
				<control type="label">
					<height>35</height>
					<width>690</width>
					<aligny>bottom</aligny>
					<scroll>true</scroll>
					<label>$LOCALIZE[14250] : [COLOR white]$INFO[Player.Process(audiodecoder)]$INFO[Player.Process(audiobitspersample),$COMMA , bits]$INFO[Player.Process(audiosamplerate),$COMMA , Hz]$INFO[Player.Process(audio.live.kibit.rate),$COMMA , kb/s][/COLOR]</label>
					<font>font12</font>
					<textcolor>$VAR[SkinColorVar]</textcolor>
					<visible>!String.IsEmpty(Player.Process(audio.live.kibit.rate)) + String.IsEmpty(VideoPlayer.AudioBitrate)</visible>
				</control>
				<control type="label">
					<height>35</height>
					<width>690</width>
					<aligny>bottom</aligny>
					<scroll>true</scroll>
					<label>$LOCALIZE[14250] : [COLOR white]$INFO[Player.Process(audiodecoder)]$INFO[Player.Process(audiobitspersample),$COMMA , bits]$INFO[Player.Process(audiosamplerate),$COMMA , Hz][/COLOR]</label>
					<font>font12</font>
					<textcolor>$VAR[SkinColorVar]</textcolor>
					<visible>String.IsEmpty(Videoplayer.AudioBitrate) + String.IsEmpty(Player.Process(audio.live.kibit.rate))</visible>
				</control>
				<control type="label">
					<height>35</height>
					<width>690</width>
					<width>690</width>
					<aligny>bottom</aligny>
					<label>$LOCALIZE[22012] : [COLOR white]$INFO[system.memory(used),, | ]$INFO[system.memory(total),,  -  ]$INFO[system.memory(used.percent),,] [/COLOR]</label>
					<font>font12</font>
					<textcolor>$VAR[SkinColorVar]</textcolor>
					<visible>!System.Platform.Android</visible>
				</control>
				<control type="label">
					<height>35</height>
					<width>690</width>
					<width>690</width>
					<aligny>bottom</aligny>
					<label>$LOCALIZE[31703] : [COLOR white]$VAR[LabelAudioCodecVar] - $VAR[LabelAudioChannelsVar][/COLOR]</label>
					<font>font12</font>
					<textcolor>$VAR[SkinColorVar]</textcolor>
				</control>
				<control type="label">
					<height>35</height>
					<width>690</width>
					<aligny>bottom</aligny>
					<scroll>true</scroll>
					<label>$INFO[VideoPlayer.AudioLanguage,$LOCALIZE[21447] : [COLOR white][UPPERCASE],[/UPPERCASE][/COLOR]]</label>
					<font>font12</font>
					<textcolor>$VAR[SkinColorVar]</textcolor>
				</control>
			</control>
			<control type="grouplist">
				<include content="ItemLeft" condition="![Skin.HasSetting(SmallOSDVideo) + Window.IsVisible(fullscreenvideo) + !Window.IsActive(fullscreeninfo)]">
					<param name="left" value="1180"/>
				</include>
				<include content="ItemLeft" condition="[Skin.HasSetting(SmallOSDVideo) + Window.IsVisible(fullscreenvideo) + !Window.IsActive(fullscreeninfo)]">
					<param name="left" value="930"/>
				</include>
				<right>30</right>
				<bottom>138</bottom>
				<height>320</height>
				<visible>Control.HasFocus(5552)</visible>
				<usecontrolcoords>true</usecontrolcoords>
				<animation effect="slide" end="0,-45" time="50" tween="sine" easing="out" condition="PVR.IsTimeShift + !Player.ChannelPreviewActive + ![Skin.HasSetting(SmallOSDVideo) + Window.IsVisible(fullscreenvideo) + !Window.IsActive(fullscreeninfo)]">Conditional</animation>
				<animation effect="slide" end="0,-50" time="50" tween="sine" easing="out" condition="PVR.IsTimeShift + !Player.ChannelPreviewActive + [Skin.HasSetting(SmallOSDVideo) + Window.IsVisible(fullscreenvideo) + !Window.IsActive(fullscreeninfo)]">Conditional</animation>
				<control type="label">
					<width>690</width>
					<height>35</height>
					<aligny>bottom</aligny>
					<label>$INFO[System.CpuFrequency,$LOCALIZE[13284] [COLOR white],[/COLOR]]</label>
					<font>font12</font>
					<textcolor>$VAR[SkinColorVar]</textcolor>
				    <visible>!System.Platform.Android</visible>
				</control>
				<control type="label">
					<width>690</width>
					<height>35</height>
					<aligny>bottom</aligny>
					<label>$INFO[System.CpuTemperature,$LOCALIZE[22011] [COLOR white],[/COLOR]]</label>
					<font>font12</font>
					<textcolor>$VAR[SkinColorVar]</textcolor>
				</control>
				<control type="group">
					<height>35</height>
					<width>690</width>
					<visible>!System.Platform.Android</visible>
					<control type="label">
						<width>300</width>
						<aligny>bottom</aligny>
						<label>$LOCALIZE[140] </label>
						<font>font12</font>
						<textcolor>$VAR[SkinColorVar]</textcolor>
					</control>
					<control type="progress">
						<description>CPU BAR</description>
						<left>260</left>
						<width>430</width>
						<top>12</top>
						<height>14</height>
						<info>System.CPUUsage</info>
					</control>
				</control>
				<control type="group">
					<height>35</height>
					<width>690</width>
					<control type="label">
						<width>300</width>
						<aligny>bottom</aligny>
						<label>$LOCALIZE[22012] : </label>
						<font>font12</font>
						<textcolor>$VAR[SkinColorVar]</textcolor>
					</control>
					<control type="progress">
						<description>Ram BAR</description>
						<left>260</left>
						<width>430</width>
						<top>12</top>
						<height>14</height>
						<info>system.memory(used)</info>
					</control>
				</control>
				<control type="grouplist">
					<visible>String.Contains(System.OSVersionInfo,(cpm))</visible>
					<control type="group">
						<height>35</height>
						<width>690</width>
						<control type="label">
							<width>300</width>
							<aligny>bottom</aligny>
							<label>$LOCALIZE[31686] : </label>
							<font>font12</font>
							<textcolor>$VAR[SkinColorVar]</textcolor>
						</control>
						<control type="progress">
							<description>VIDEO QUEUE BAR</description>
							<left>260</left>
							<width>430</width>
							<top>12</top>
							<height>14</height>
							<info>Player.Process(video.queue.level)</info>
						</control>
					</control>
					<control type="group">
						<height>35</height>
						<width>690</width>
						<control type="label">
							<width>300</width>
							<aligny>bottom</aligny>
							<label>$LOCALIZE[31687] : </label>
							<font>font12</font>
							<textcolor>$VAR[SkinColorVar]</textcolor>
						</control>
						<control type="progress">
							<description>VIDEO QUEUE DATA BAR</description>
							<left>260</left>
							<width>430</width>
							<top>12</top>
							<height>14</height>
							<info>Player.Process(video.queue.data.level)</info>
						</control>
					</control>
					<control type="group">
						<height>35</height>
						<width>690</width>
						<control type="label">
							<width>300</width>
							<aligny>bottom</aligny>
							<label>$LOCALIZE[31688] : </label>
							<font>font12</font>
							<textcolor>$VAR[SkinColorVar]</textcolor>
						</control>
						<control type="progress">
							<description>AUDIO QUEUE BAR</description>
							<left>260</left>
							<width>430</width>
							<top>12</top>
							<height>14</height>
							<info>Player.Process(audio.queue.level)</info>
						</control>
					</control>
					<control type="group">
						<height>35</height>
						<width>690</width>
						<control type="label">
							<width>300</width>
							<aligny>bottom</aligny>
							<label>$LOCALIZE[31689] : </label>
							<font>font12</font>
							<textcolor>$VAR[SkinColorVar]</textcolor>
						</control>
						<control type="progress">
							<description>AUDIO QUEUE DATA BAR</description>
							<left>260</left>
							<width>430</width>
							<top>12</top>
							<height>14</height>
							<info>Player.Process(audio.queue.data.level)</info>
						</control>
					</control>
					<control type="label">
						<height>35</height>
						<width>690</width>
						<aligny>bottom</aligny>
						<scroll>true</scroll>
						<label>$INFO[VideoPlayer.SubtitlesLanguage,$LOCALIZE[21448] : [COLOR white][UPPERCASE],[/UPPERCASE][/COLOR]]</label>
						<font>font12</font>
						<textcolor>$VAR[SkinColorVar]</textcolor>
						<visible>VideoPlayer.SubtitlesEnabled</visible>
					</control>
					<control type="label">
						<height>35</height>
						<width>690</width>
						<aligny>bottom</aligny>
						<scroll>true</scroll>
						<label>$INFO[VideoPlayer.SubtitlesLanguage,$LOCALIZE[21448] : [COLOR white][UPPERCASE], - [/UPPERCASE]$LOCALIZE[13106][/COLOR]]</label>
						<font>font12</font>
						<textcolor>$VAR[SkinColorVar]</textcolor>
						<visible>!VideoPlayer.SubtitlesEnabled</visible>
					</control>
				</control>
				<control type="grouplist">
					<visible>Player.HasVideo + !String.Contains(System.OSVersionInfo,(cpm))</visible>
					<control type="label">
						<height>35</height>
						<width>690</width>
						<aligny>bottom</aligny>
						<label/>
					</control>
					<control type="label">
						<height>35</height>
						<width>690</width>
						<aligny>bottom</aligny>
						<scroll>true</scroll>
						<label>$LOCALIZE[31706] : [COLOR white]$VAR[LabelHdrTypeVar][/COLOR]</label>
						<font>font12</font>
						<textcolor>$VAR[SkinColorVar]</textcolor>
					</control>
					<control type="label">
						<height>35</height>
						<width>690</width>
						<aligny>bottom</aligny>
						<scroll>true</scroll>
						<label>$INFO[VideoPlayer.SubtitlesLanguage,$LOCALIZE[21448] : [COLOR white][UPPERCASE],[/UPPERCASE][/COLOR]]</label>
						<font>font12</font>
						<textcolor>$VAR[SkinColorVar]</textcolor>
						<visible>VideoPlayer.SubtitlesEnabled</visible>
					</control>
					<control type="label">
						<height>35</height>
						<width>690</width>
						<aligny>bottom</aligny>
						<scroll>true</scroll>
						<label>$INFO[VideoPlayer.SubtitlesLanguage,$LOCALIZE[21448] : [COLOR white][UPPERCASE], - [/UPPERCASE]$LOCALIZE[13106][/COLOR]]</label>
						<font>font12</font>
						<textcolor>$VAR[SkinColorVar]</textcolor>
						<visible>!VideoPlayer.SubtitlesEnabled</visible>
					</control>
				</control>
			</control>
			<!-- HDR & DV -->
			<control type="grouplist">
				<include content="ItemLeft" condition="![Skin.HasSetting(SmallOSDVideo) + Window.IsVisible(fullscreenvideo) + !Window.IsActive(fullscreeninfo)]">
					<param name="left" value="460"/>
				</include>
				<include content="ItemLeft" condition="[Skin.HasSetting(SmallOSDVideo) + Window.IsVisible(fullscreenvideo) + !Window.IsActive(fullscreeninfo)]">
					<param name="left" value="30"/>
				</include>
				<right>30</right>
				<bottom>138</bottom>
				<height>320</height>
				<visible>Control.HasFocus(5554)</visible>
				<usecontrolcoords>true</usecontrolcoords>
				<animation effect="slide" end="0,-45" time="50" tween="sine" easing="out" condition="PVR.IsTimeShift + !Player.ChannelPreviewActive + ![Skin.HasSetting(SmallOSDVideo) + Window.IsVisible(fullscreenvideo) + !Window.IsActive(fullscreeninfo)]">Conditional</animation>
				<animation effect="slide" end="0,-50" time="50" tween="sine" easing="out" condition="PVR.IsTimeShift + !Player.ChannelPreviewActive + [Skin.HasSetting(SmallOSDVideo) + Window.IsVisible(fullscreenvideo) + !Window.IsActive(fullscreeninfo)]">Conditional</animation>
				<control type="group">
					<height>35</height>
					<visible>String.IsEqual(Player.Process(video.dovi.has.config),1)</visible>
					<control type="label">
						<width>360</width>
						<aligny>bottom</aligny>
						<label>$LOCALIZE[31693] : </label>
						<font>font12</font>
						<textcolor>$VAR[SkinColorVar]</textcolor>
					</control>
					<control type="label">
						<left>360</left>
						<width>330</width>
						<aligny>bottom</aligny>
						<label>[COLOR white]$INFO[Player.Process(video.dovi.source.min.nits)] | $INFO[Player.Process(video.dovi.source.max.nits)] $LOCALIZE[31699][/COLOR]</label>
						<font>font12</font>
						<textcolor>$VAR[SkinColorVar]</textcolor>
					</control>
				</control>
				<control type="group">
					<height>35</height>
					<visible>String.IsEqual(Player.Process(video.dovi.has.config),1)</visible>
					<control type="label">
						<width>360</width>
						<aligny>bottom</aligny>
						<label>$LOCALIZE[31694] : </label>
						<font>font12</font>
						<textcolor>$VAR[SkinColorVar]</textcolor>
					</control>
					<control type="label">
						<left>360</left>
						<width>330</width>
						<aligny>bottom</aligny>
						<label>[COLOR white]$INFO[Player.Process(video.dovi.l6.max.cll)] | $INFO[Player.Process(video.dovi.l6.max.fall)] $LOCALIZE[31699][/COLOR]</label>
						<font>font12</font>
						<textcolor>$VAR[SkinColorVar]</textcolor>
						<visible>String.IsEqual(Player.Process(video.dovi.has.config),1) + String.IsEqual(Player.Process(video.dovi.has.l6),1)</visible>
					</control>
				</control>
				<control type="group">
					<height>35</height>
					<visible>String.IsEqual(Player.Process(video.dovi.has.config),1) | String.IsEqual(Player.Process(video.dovi.has.l6),1)</visible>
					<control type="label">
						<width>360</width>
						<aligny>bottom</aligny>
						<label>$LOCALIZE[31695] : </label>
						<font>font12</font>
						<textcolor>$VAR[SkinColorVar]</textcolor>
					</control>
					<control type="label">
						<left>360</left>
						<width>330</width>
						<aligny>bottom</aligny>
						<label>[COLOR white] $INFO[Player.Process(video.dovi.l1.min.nits)] | $INFO[Player.Process(video.dovi.l1.max.nits)] | $INFO[Player.Process(video.dovi.l1.avg.nits)] $LOCALIZE[31699][/COLOR]</label>
						<font>font12</font>
						<textcolor>$VAR[SkinColorVar]</textcolor>
					</control>
				</control>
				<control type="group">
					<height>35</height>
					<visible>String.IsEqual(Player.Process(video.dovi.has.config),1)</visible>
					<control type="label">
						<width>360</width>
						<aligny>bottom</aligny>
						<label>$LOCALIZE[31696] : </label>
						<font>font12</font>
						<textcolor>$VAR[SkinColorVar]</textcolor>
					</control>
					<control type="label">
						<left>360</left>
						<width>330</width>
						<aligny>bottom</aligny>
						<label>[COLOR white] $INFO[Player.Process(video.dovi.l1.min.pq)] | $INFO[Player.Process(video.dovi.l1.max.pq)] | $INFO[Player.Process(video.dovi.l1.avg.pq)] PQ-12bit[/COLOR]</label>
						<font>font12</font>
						<textcolor>$VAR[SkinColorVar]</textcolor>
					</control>
				</control>
				<control type="group">
					<height>35</height>
					<visible>String.Contains(Player.Process(video.hdr.type),dolby vision) | String.Contains(Player.Process(video.hdr.type),hdr)</visible>
					<control type="label">
						<width>360</width>
						<aligny>bottom</aligny>
						<label>$LOCALIZE[31697] : </label>
						<font>font12</font>
						<textcolor>$VAR[SkinColorVar]</textcolor>
					</control>
					<control type="label">
						<left>360</left>
						<width>330</width>
						<aligny>bottom</aligny>
						<label>[COLOR white] $INFO[Player.Process(video.hdr.min.lum)] | $INFO[Player.Process(video.hdr.max.lum)] $LOCALIZE[31699][/COLOR]</label>
						<font>font12</font>
						<textcolor>$VAR[SkinColorVar]</textcolor>
					</control>
				</control>
				<control type="group">
					<height>35</height>
					<visible>String.Contains(Player.Process(video.hdr.type),dolby vision) | String.Contains(Player.Process(video.hdr.type),hdr)</visible>
					<control type="label">
						<width>360</width>
						<aligny>bottom</aligny>
						<label>$LOCALIZE[31698] : </label>
						<font>font12</font>
						<textcolor>$VAR[SkinColorVar]</textcolor>
					</control>
					<control type="label">
						<left>360</left>
						<width>330</width>
						<aligny>bottom</aligny>
						<label>[COLOR white] $INFO[Player.Process(video.hdr.max.cll)] | $INFO[Player.Process(video.hdr.max.fall)] $LOCALIZE[31699][/COLOR]</label>
						<font>font12</font>
						<textcolor>$VAR[SkinColorVar]</textcolor>
					</control>
				</control>
				<control type="label">
					<width>690</width>
					<height>35</height>
					<label>$LOCALIZE[31704] : $VAR[VS10ModeVar]</label>
					<font>font12</font>
					<textcolor>$VAR[SkinColorVar]</textcolor>
				</control>
				<control type="label">
					<width>690</width>
					<height>35</height>
					<label>$INFO[Player.Process(video.source.hdr.type),$LOCALIZE[31705] : [COLOR white]] $VAR[DVProfileVar] $VAR[DVELVar] $VAR[VideoConvVar][/COLOR]</label>
					<font>font12</font>
					<textcolor>$VAR[SkinColorVar]</textcolor>
				</control>
			</control>
			<control type="grouplist">
				<include content="ItemLeft" condition="![Skin.HasSetting(SmallOSDVideo) + Window.IsVisible(fullscreenvideo) + !Window.IsActive(fullscreeninfo)]">
					<param name="left" value="1180"/>
				</include>
				<include content="ItemLeft" condition="[Skin.HasSetting(SmallOSDVideo) + Window.IsVisible(fullscreenvideo) + !Window.IsActive(fullscreeninfo)]">
					<param name="left" value="930"/>
				</include>
				<right>30</right>
				<bottom>138</bottom>
				<height>320</height>
				<visible>Control.HasFocus(5554)</visible>
				<usecontrolcoords>true</usecontrolcoords>
				<animation effect="slide" end="0,-45" time="50" tween="sine" easing="out" condition="PVR.IsTimeShift + !Player.ChannelPreviewActive + ![Skin.HasSetting(SmallOSDVideo) + Window.IsVisible(fullscreenvideo) + !Window.IsActive(fullscreeninfo)]">Conditional</animation>
				<animation effect="slide" end="0,-50" time="50" tween="sine" easing="out" condition="PVR.IsTimeShift + !Player.ChannelPreviewActive + [Skin.HasSetting(SmallOSDVideo) + Window.IsVisible(fullscreenvideo) + !Window.IsActive(fullscreeninfo)]">Conditional</animation>
				<control type="label">
					<width>690</width>
					<height>35</height>
					<aligny>bottom</aligny>
					<label>$INFO[Player.Process(amlogic.eoft_gamut),$LOCALIZE[31611] : [COLOR white],[/COLOR]]</label>
					<font>font12</font>
					<textcolor>$VAR[SkinColorVar]</textcolor>
				</control>
				<control type="label">
					<height>35</height>
					<width>690</width>
					<aligny>bottom</aligny>
					<label>$INFO[Player.Process(video.source.hdr.type),$LOCALIZE[31706] : [COLOR white],[/COLOR]]</label>
					<font>font12</font>
					<textcolor>$VAR[SkinColorVar]</textcolor>
				</control>
				<control type="grouplist">
					<visible>String.Contains(Player.Process(video.hdr.type),dolby vision)</visible>
					<control type="label">
						<width>690</width>
						<height>35</height>
						<aligny>bottom</aligny>
						<label>$INFO[Player.Process(video.dovi.version.major),$LOCALIZE[31702] : [COLOR white]]$INFO[Player.Process(video.dovi.version.minor),.,[/COLOR]]</label>
						<font>font12</font>
						<textcolor>$VAR[SkinColorVar]</textcolor>
					</control>
					<control type="label">
						<width>690</width>
						<height>35</height>
						<aligny>bottom</aligny>
						<label>$INFO[Player.Process(video.dovi.profile),$LOCALIZE[31700] : [COLOR white]]$INFO[Player.Process(video.dovi.bl.signal.compatibility),.] $VAR[DVELVar][/COLOR]</label>
						<font>font12</font>
						<textcolor>$VAR[SkinColorVar]</textcolor>
					</control>
					<control type="label">
						<width>690</width>
						<height>35</height>
						<aligny>bottom</aligny>
						<label>$INFO[Player.Process(video.dovi.level),$LOCALIZE[31701] : [COLOR white],[/COLOR]]</label>
						<font>font12</font>
						<textcolor>$VAR[SkinColorVar]</textcolor>
						<visible>!String.Contains(Player.Process(video.dovi.level),0)</visible>
					</control>
					<control type="label">
						<width>690</width>
						<height>35</height>
						<aligny>bottom</aligny>
						<label>$VAR[RPUPresentVar]</label>
						<font>font12</font>
						<textcolor>$VAR[SkinColorVar]</textcolor>
					</control>
					<control type="label">
						<width>690</width>
						<height>35</height>
						<aligny>bottom</aligny>
						<label>$VAR[BLPresentVar]</label>
						<font>font12</font>
						<textcolor>$VAR[SkinColorVar]</textcolor>
					</control>
					<control type="label">
						<height>35</height>
						<width>690</width>
						<aligny>bottom</aligny>
						<label>$VAR[ELPresentVar]</label>
						<font>font12</font>
						<textcolor>$VAR[SkinColorVar]</textcolor>
					</control>
					<control type="label">
						<height>35</height>
						<width>690</width>
						<aligny>bottom</aligny>
						<label>$VAR[ELSourcePresentVar]</label>
						<font>font12</font>
						<textcolor>$VAR[SkinColorVar]</textcolor>
						<visible>!String.IsEqual(Player.Process(video.source.dovi.profile),0)</visible>
					</control>
				</control>
			</control>
			<!-- PVR Info -->
			<control type="grouplist">
				<include content="ItemLeft" condition="![Skin.HasSetting(SmallOSDVideo) + Window.IsVisible(fullscreenvideo) + !Window.IsActive(fullscreeninfo)]">
					<param name="left" value="460"/>
				</include>
				<include content="ItemLeft" condition="[Skin.HasSetting(SmallOSDVideo) + Window.IsVisible(fullscreenvideo) + !Window.IsActive(fullscreeninfo)]">
					<param name="left" value="30"/>
				</include>
				<right>710</right>
				<bottom>138</bottom>
				<height>320</height>
				<visible>Control.HasFocus(5551)</visible>
				<animation effect="slide" end="0,-45" time="50" tween="sine" easing="out" condition="PVR.IsTimeShift + !Player.ChannelPreviewActive + ![Skin.HasSetting(SmallOSDVideo) + Window.IsVisible(fullscreenvideo) + !Window.IsActive(fullscreeninfo)]">Conditional</animation>
				<animation effect="slide" end="0,-50" time="50" tween="sine" easing="out" condition="PVR.IsTimeShift + !Player.ChannelPreviewActive + [Skin.HasSetting(SmallOSDVideo) + Window.IsVisible(fullscreenvideo) + !Window.IsActive(fullscreeninfo)]">Conditional</animation>
				<control type="label">
					<width>710</width>
					<height>35</height>
					<aligny>bottom</aligny>
					<label>$INFO[PVR.ActStreamServiceName,$LOCALIZE[19099] : [COLOR white],[/COLOR]]</label>
					<font>font12</font>
					<textcolor>$VAR[SkinColorVar]</textcolor>
				</control>
				<control type="label">
					<width>710</width>
					<height>35</height>
					<aligny>bottom</aligny>
					<label>$INFO[PVR.ActStreamProviderName,$LOCALIZE[19101] : [COLOR white],[/COLOR]]</label>
					<font>font12</font>
					<textcolor>$VAR[SkinColorVar]</textcolor>
				</control>
				<control type="label">
					<width>710</width>
					<height>35</height>
					<aligny>bottom</aligny>
					<label>$INFO[PVR.ActStreamClient,$LOCALIZE[19012] : [COLOR white],[/COLOR]]</label>
					<font>font12</font>
					<textcolor>$VAR[SkinColorVar]</textcolor>
				</control>
				<control type="label">
					<width>710</width>
					<height>35</height>
					<aligny>bottom</aligny>
					<label>$INFO[PVR.ActStreamDevice,$LOCALIZE[19006] : [COLOR white],[/COLOR]]</label>
					<font>font12</font>
					<textcolor>$VAR[SkinColorVar]</textcolor>
				</control>
				<control type="label">
					<width>710</width>
					<height>35</height>
					<aligny>bottom</aligny>
					<label>$INFO[PVR.ActStreamStatus,$LOCALIZE[19007] : [COLOR white],[/COLOR]]</label>
					<font>font12</font>
					<textcolor>$VAR[SkinColorVar]</textcolor>
				</control>
				<control type="label">
					<width>710</width>
					<height>35</height>
					<aligny>bottom</aligny>
					<label>$INFO[PVR.ActStreamEncryptionName,$LOCALIZE[19015] : [COLOR white],[/COLOR]]</label>
					<font>font12</font>
					<textcolor>$VAR[SkinColorVar]</textcolor>
				</control>
			</control>
			<!-- PVR -->
			<control type="grouplist">
				<include content="ItemLeft" condition="![Skin.HasSetting(SmallOSDVideo) + Window.IsVisible(fullscreenvideo) + !Window.IsActive(fullscreeninfo)]">
					<param name="left" value="1180"/>
				</include>
				<include content="ItemLeft" condition="[Skin.HasSetting(SmallOSDVideo) + Window.IsVisible(fullscreenvideo) + !Window.IsActive(fullscreeninfo)]">
					<param name="left" value="930"/>
				</include>
				<right>30</right>
				<bottom>138</bottom>
				<height>320</height>
				<visible>Control.HasFocus(5551)</visible>
				<usecontrolcoords>true</usecontrolcoords>
				<animation effect="slide" end="0,-45" time="50" tween="sine" easing="out" condition="PVR.IsTimeShift + !Player.ChannelPreviewActive + ![Skin.HasSetting(SmallOSDVideo) + Window.IsVisible(fullscreenvideo) + !Window.IsActive(fullscreeninfo)]">Conditional</animation>
				<animation effect="slide" end="0,-50" time="50" tween="sine" easing="out" condition="PVR.IsTimeShift + !Player.ChannelPreviewActive + [Skin.HasSetting(SmallOSDVideo) + Window.IsVisible(fullscreenvideo) + !Window.IsActive(fullscreeninfo)]">Conditional</animation>
				<control type="label">
					<width>710</width>
					<height>35</height>
					<aligny>bottom</aligny>
					<label>$INFO[PVR.ActStreamBer,$LOCALIZE[19010] : [COLOR white],[/COLOR]]</label>
					<font>font12</font>
					<textcolor>$VAR[SkinColorVar]</textcolor>
				</control>
				<control type="label">
					<width>710</width>
					<height>35</height>
					<aligny>bottom</aligny>
					<label>$INFO[PVR.ActStreamUnc,$LOCALIZE[19011] : [COLOR white],[/COLOR]]</label>
					<font>font12</font>
					<textcolor>$VAR[SkinColorVar]</textcolor>
				</control>
				<control type="label">
					<width>710</width>
					<height>35</height>
					<aligny>bottom</aligny>
					<label>$INFO[PVR.ActStreamMux,$LOCALIZE[19100] : [COLOR white],[/COLOR]]</label>
					<font>font12</font>
					<textcolor>$VAR[SkinColorVar]</textcolor>
				</control>
				<control type="label">
					<height>40</height>
				</control>
				<control type="group">
					<height>30</height>
					<width>710</width>
					<visible>System.GetBool(pvrplayback.signalquality) + [Integer.IsGreater(PVR.ActStreamSignal,0) | !Skin.HasSetting(disable_pvr_zerovalues)]</visible>
					<control type="label">
						<width>350</width>
						<height>30</height>
						<aligny>bottom</aligny>
						<label>$LOCALIZE[31715] : $INFO[PVR.ActStreamSignal,[COLOR white],[/COLOR]]</label>
						<font>font12</font>
						<textcolor>$VAR[SkinColorVar]</textcolor>
					</control>
					<control type="progress">
						<top>15</top>
						<left>360</left>
						<width>350</width>
						<height>10</height>
						<info>PVR.ActStreamProgrSignal</info>
					</control>
				</control>
				<control type="group">
					<top>5</top>
					<height>30</height>
					<width>710</width>
					<visible>System.GetBool(pvrplayback.signalquality) + [Integer.IsGreater(PVR.ActStreamSnr,0) | !Skin.HasSetting(disable_pvr_zerovalues)]</visible>
					<control type="label">
						<width>350</width>
						<height>30</height>
						<aligny>bottom</aligny>
						<label>$LOCALIZE[19009] : $INFO[PVR.ActStreamSnr,[COLOR white],[/COLOR]]</label>
						<font>font12</font>
						<textcolor>$VAR[SkinColorVar]</textcolor>
					</control>
					<control type="progress">
						<top>15</top>
						<left>360</left>
						<width>350</width>
						<height>10</height>
						<info>PVR.ActStreamProgrSnr</info>
					</control>
				</control>
			</control>
			<control type="button" id="800">
				<left>-10000</left>
				<width>10</width>
				<height>1</height>
				<onfocus>Action(Close)</onfocus>
				<onfocus>ActivateWindow(videoosd)</onfocus>
				<onfocus>SetFocus(70011)</onfocus>
			</control>
			<control type="grouplist" id="5550">
				<left>440</left>
				<bottom>460</bottom>
				<width>1000</width>
				<height>100</height>
				<align>left</align>
				<orientation>horizontal</orientation>
				<itemgap>-20</itemgap>
				<onup>SetFocus(800)</onup>
				<ondown>SetFocus(800)</ondown>
				<usecontrolcoords>true</usecontrolcoords>
				<animation effect="slide" end="-430,0" time="0" condition="[Skin.HasSetting(SmallOSDVideo) + Window.IsVisible(fullscreenvideo) + !Window.IsActive(fullscreeninfo)]">Conditional</animation>
				<animation effect="slide" end="0,-45" time="50" tween="sine" easing="out" condition="PVR.IsTimeShift + !Player.ChannelPreviewActive + ![Skin.HasSetting(SmallOSDVideo) + Window.IsVisible(fullscreenvideo) + !Window.IsActive(fullscreeninfo)]">Conditional</animation>
				<animation effect="slide" end="0,-50" time="50" tween="sine" easing="out" condition="PVR.IsTimeShift + !Player.ChannelPreviewActive + [Skin.HasSetting(SmallOSDVideo) + Window.IsVisible(fullscreenvideo) + !Window.IsActive(fullscreeninfo)]">Conditional</animation>
				<control type="button" id="5552">
					<width>auto</width>
					<height>100</height>
					<textoffsetx>30</textoffsetx>
					<label>$LOCALIZE[31138]</label>
					<font>font25_title</font>
					<onup>5552</onup>
					<ondown>SetFocus(800)</ondown>
					<onclick>SetFocus(800)</onclick>
					<texturefocus border="40" colordiffuse="$VAR[SkinColorVar]">buttons/dialogbutton-fo.png</texturefocus>
					<texturenofocus border="40">buttons/dialogbutton-nofo.png</texturenofocus>
				</control>
				<control type="button" id="5554">
					<width>auto</width>
					<height>100</height>
					<textoffsetx>30</textoffsetx>
					<label>$LOCALIZE[31690]</label>
					<font>font25_title</font>
					<onup>5554</onup>
					<ondown>SetFocus(800)</ondown>
					<onclick>SetFocus(800)</onclick>
					<texturefocus border="40" colordiffuse="$VAR[SkinColorVar]">buttons/dialogbutton-fo.png</texturefocus>
					<texturenofocus border="40">buttons/dialogbutton-nofo.png</texturenofocus>
					<visible>String.Contains(System.OSVersionInfo,(cpm)) + [String.Contains(Player.Process(video.hdr.type),dolby vision) | String.Contains(Player.Process(video.hdr.type),hdr)]</visible>
				</control>
				<control type="button" id="5551">
					<width>auto</width>
					<height>100</height>
					<textoffsetx>30</textoffsetx>
					<label>$LOCALIZE[31137]</label>
					<font>font25_title</font>
					<onup>5551</onup>
					<ondown>SetFocus(800)</ondown>
					<onclick>SetFocus(800)</onclick>
					<texturefocus border="40" colordiffuse="$VAR[SkinColorVar]">buttons/dialogbutton-fo.png</texturefocus>
					<texturenofocus border="40">buttons/dialogbutton-nofo.png</texturenofocus>
					<visible>VideoPlayer.Content(livetv)</visible>
				</control>
			</control>
		</control>
	</controls>
</window>
