<?xml version="1.0" encoding="utf-8"?>
<window>
        <onload>RunScript(script.artistslideshow)</onload>
        <defaultcontrol></defaultcontrol>
        <backgroundcolor>background</backgroundcolor>
        <controls>
                <include>ColoredBackgroundImages</include>
                <control type="visualisation" id="2">
                        <include>FullScreenDimensions</include>
                        <visible>Player.HasAudio</visible>
                        <visible>Skin.HasSetting(enable_visualisation) + Skin.HasSetting(show_visualisationbehind)</visible>
                </control>
                <control type="image">
                        <left>0</left>
                        <top>0</top>
                        <width>100%</width>
                        <height>100%</height>
                        <aspectratio>keep</aspectratio>
                        <fadetime>400</fadetime>
                        <animation effect="fade" start="0" end="100" time="400">WindowOpen</animation>
                        <animation effect="fade" start="100" end="0" time="300">WindowClose</animation>
                        <texture colordiffuse="$VAR[PlayerFanartOpacityVar]">$VAR[PlayerFanartVar]</texture>
                        <animation effect="zoom" start="110" end="130" center="auto" time="10000" tween="sine" easing="inout" pulse="true" condition="Skin.HasSetting(animate_artistslideshow)">Conditional</animation>
                        <animation effect="slide" start="-30,-30" end="30,30" time="6000" tween="sine" easing="inout" pulse="true" condition="Skin.HasSetting(animate_artistslideshow)">Conditional</animation>
                        <visible>!Skin.HasSetting(hide_background_fanart)</visible>
                </control>
                <control type="visualisation" id="2">
                        <include>FullScreenDimensions</include>
                        <visible>Player.HasAudio</visible>
                        <visible>Skin.HasSetting(enable_visualisation) + !Skin.HasSetting(show_visualisationbehind)</visible>
                </control>
                <control type="group">
                        <top>150</top>
                        <visible>!Skin.HasSetting(enable_scrollingtext)</visible>
                        <visible>!Window.IsVisible(script-cu-lrclyrics-main.xml) + !Window.IsVisible(Custom_1141_MusicPlayerInfo.xml)</visible>
                        <animation effect="fade" start="0" end="100" time="350" tween="cubic" easing="inout">Visible</animation>
                        <animation effect="fade" start="0" end="100" time="350" tween="cubic" easing="inout">WindowOpen</animation>
                        <animation effect="fade" end="0" start="600" time="150">Hidden</animation>
                        <animation effect="fade" end="0" start="100" time="300">WindowClose</animation>
                        <animation effect="slide" end="0,205" time="350" tween="cubic" easing="inout" condition="!Player.ShowInfo + !Window.IsVisible(musicosd)">Conditional</animation>
                        <control type="label">
                                <description>Now Playing</description>
                                <left>0</left>
                                <top>0</top>
                                <right>0</right>
                                <label>$INFO[MusicPlayer.Title,  ,]$INFO[MusicPlayer.Title,  ,]$INFO[MusicPlayer.Title,  ,]$INFO[MusicPlayer.Title,  ,]$INFO[MusicPlayer.Title,  ,]$INFO[MusicPlayer.Title,  ,]$INFO[MusicPlayer.Title,  ,]$INFO[MusicPlayer.Title,  ,]$INFO[MusicPlayer.Title,  ,]$INFO[MusicPlayer.Title,  ,]$INFO[MusicPlayer.Title,  ,]$INFO[MusicPlayer.Title,  ,]$INFO[MusicPlayer.Title,  ,]$INFO[MusicPlayer.Title,  ,]$INFO[MusicPlayer.Title,  ,]$INFO[MusicPlayer.Title,  ,]$INFO[MusicPlayer.Title,  ,]$INFO[MusicPlayer.Title,  ,]$INFO[MusicPlayer.Title,  ,]$INFO[MusicPlayer.Title,  ,]$INFO[MusicPlayer.Title,  ,]$INFO[MusicPlayer.Title,  ,]$INFO[MusicPlayer.Title,  ,]$INFO[MusicPlayer.Title,  ,]$INFO[MusicPlayer.Title,  ,]</label>
                                <scroll>true</scroll>
                                <font>font_musicvis_biggest</font>
                                <textcolor>77ffffff</textcolor>
                                <align>left</align>
                                <scrollspeed>55</scrollspeed>
                        </control>
                        <control type="label">
                                <description>Now Playing</description>
                                <left>0</left>
                                <top>100</top>
                                <right>0</right>
                                 <label>$INFO[MusicPlayer.Album,  ,]$INFO[MusicPlayer.Album,  ,]$INFO[MusicPlayer.Album,  ,]$INFO[MusicPlayer.Album,  ,]$INFO[MusicPlayer.Album, ,]$INFO[MusicPlayer.Album,  ,]$INFO[MusicPlayer.Album,  ,]$INFO[MusicPlayer.Album,  ,]$INFO[MusicPlayer.Album,  ,]$INFO[MusicPlayer.Album,  ,]$INFO[MusicPlayer.Album,  ,]$INFO[MusicPlayer.Album,  ,]$INFO[MusicPlayer.Album,  ,]$INFO[MusicPlayer.Album,  ,]$INFO[MusicPlayer.Album,  ,]$INFO[MusicPlayer.Album,  ,]$INFO[MusicPlayer.Album,  ,]$INFO[MusicPlayer.Album,  ,]$INFO[MusicPlayer.Album,  ,]$INFO[MusicPlayer.Album,  ,]$INFO[MusicPlayer.Album,  ,]$INFO[MusicPlayer.Album,  ,]$INFO[MusicPlayer.Album,  ,]$INFO[MusicPlayer.Album,  ,]$INFO[MusicPlayer.Album,  ,]</label>
                                <scroll>true</scroll>
                                <font>font_musicvis_bigger</font>
                                <textcolor>44cccccc</textcolor>
                                <align>left</align>
                                <scrollspeed>100</scrollspeed>
                        </control>
                        <control type="label">
                                <description>Now Playing</description>
                                <left>0</left>
                                <top>210</top>
                                <right>0</right>
                                <label>$INFO[MusicPlayer.Artist,  ,]$INFO[MusicPlayer.Artist,  ,]$INFO[MusicPlayer.Artist,  ,]$INFO[MusicPlayer.Artist,  ,]$INFO[MusicPlayer.Artist,  ,]$INFO[MusicPlayer.Artist,  ,]$INFO[MusicPlayer.Artist,  ,]$INFO[MusicPlayer.Artist,  ,]$INFO[MusicPlayer.Artist,  ,]$INFO[MusicPlayer.Artist,  ,]$INFO[MusicPlayer.Artist,  ,]$INFO[MusicPlayer.Artist,  ,]$INFO[MusicPlayer.Artist,  ,]$INFO[MusicPlayer.Artist,  ,]$INFO[MusicPlayer.Artist,  ,]$INFO[MusicPlayer.Artist,  ,]$INFO[MusicPlayer.Artist,  ,]$INFO[MusicPlayer.Artist,  ,]$INFO[MusicPlayer.Artist,  ,]$INFO[MusicPlayer.Artist,  ,]$INFO[MusicPlayer.Artist,  ,]$INFO[MusicPlayer.Artist,  ,]$INFO[MusicPlayer.Artist,  ,]$INFO[MusicPlayer.Artist,  ,]$INFO[MusicPlayer.Artist,  ,]</label>
                                <scroll>true</scroll>
                                <font>font_musicvis_big</font>
                                <textcolor>99cccccc</textcolor>
                                <align>left</align>
                                <scrollspeed>80</scrollspeed>
                                <visible>!Pvr.IsPlayingRadio</visible>
                        </control>
                                <control type="label">
                                <description>Now Playing</description>
                                <left>0</left>
                                <top>210</top>
                                <right>0</right>
                                <label>$INFO[VideoPlayer.ChannelName,  ,]$INFO[VideoPlayer.ChannelName,  ,]$INFO[VideoPlayer.ChannelName,  ,]$INFO[VideoPlayer.ChannelName,  ,]$INFO[VideoPlayer.ChannelName,  ,]$INFO[VideoPlayer.ChannelName,  ,]$INFO[VideoPlayer.ChannelName,  ,]$INFO[VideoPlayer.ChannelName,  ,]$INFO[VideoPlayer.ChannelName,  ,]$INFO[VideoPlayer.ChannelName,  ,]$INFO[VideoPlayer.ChannelName,  ,]$INFO[VideoPlayer.ChannelName,  ,]$INFO[VideoPlayer.ChannelName,  ,]$INFO[VideoPlayer.ChannelName,  ,]$INFO[VideoPlayer.ChannelName,  ,]$INFO[VideoPlayer.ChannelName,  ,]$INFO[VideoPlayer.ChannelName,  ,]$INFO[VideoPlayer.ChannelName,  ,]$INFO[VideoPlayer.ChannelName,  ,]$INFO[VideoPlayer.ChannelName,  ,]$INFO[VideoPlayer.ChannelName,  ,]$INFO[VideoPlayer.ChannelName,  ,]$INFO[VideoPlayer.ChannelName,  ,]$INFO[VideoPlayer.ChannelName,  ,]$INFO[VideoPlayer.ChannelName,  ,]</label>
                                <scroll>true</scroll>
                                <font>font_musicvis_big</font>
                                <textcolor>99cccccc</textcolor>
                                <align>left</align>
                                <scrollspeed>80</scrollspeed>
                                <visible>Pvr.IsPlayingRadio</visible>
                        </control>
                </control>
                <control type="image">
                        <include>FullScreenDimensions</include>
                        <animation effect="fade" time="300">VisibleChange</animation>
                        <texture>colors/black.png</texture>
                        <visible>Skin.HasSetting(dim_screen)</visible>
                </control>
        </controls>
</window>
