<?xml version="1.0" encoding="UTF-8"?>
<window>
    <defaultcontrol always="true">3012</defaultcontrol>
    <onload>Dialog.Close(fullscreeninfo,true)</onload>
    <onload>Dialog.Close(videoosd,true)</onload>
    <include>Animation_TopSlide</include>
    <controls>
        <control type="group">
            <animation effect="slide" end="0,140" time="0" condition="Skin.HasSetting(ScopeMode) + String.IsEqual(Skin.String(scope_mode),$LOCALIZE[40276])">Conditional</animation>
            <animation effect="slide" end="0,135" time="0" condition="Skin.HasSetting(ScopeMode) + String.IsEqual(Skin.String(scope_mode),$LOCALIZE[40279])">Conditional</animation>
            <animation effect="slide" end="0,131.5" time="0" condition="Skin.HasSetting(ScopeMode) + String.IsEqual(Skin.String(scope_mode),$LOCALIZE[40275])">Conditional</animation>
            <animation effect="slide" end="0,21" time="0" condition="Skin.HasSetting(ScopeMode) + String.IsEqual(Skin.String(scope_mode),$LOCALIZE[40278])">Conditional</animation>
            <control type="group">
                <height>80</height>
                <!-- Background -->
                <control type="image">
                    <top>0</top>
                    <width>100%</width>
                    <height>80</height>
                    <texture>dialogs/dialog-bg-nobo.png</texture>
                </control>
                <control type="group">
                    <top>15</top>
                    <left>20</left>
                    <right>20</right>
                    <!-- Buttons -->
                    <control type="grouplist">
                        <orientation>horizontal</orientation>
                        <height>90</height>
                        <itemgap>10</itemgap>
                        <left>70</left>
                        <top>-20</top>
                        <align>left</align>
                        <include content="DefaultDialogButton">
                            <param name="id" value="3012" />
                            <param name="label" value="$ADDON[service.upnext 30037]" />
                            <param name="height" value="90" />
                            <param name="width" value="auto" />
                        </include>
                            <include content="DefaultDialogButton">
                            <param name="id" value="3013" />
                            <param name="label" value="$ADDON[service.upnext 30034]" />
                            <param name="height" value="90" />
                            <param name="width" value="340" />
                        </include>
                        <control type="label">
                            <width>auto</width>
                            <height>90</height>
                            <aligny>center</aligny>
                            <font>font25_title</font>
                            <textcolor>$VAR[SkinColorVar]</textcolor>
                            <shadowcolor>00000000</shadowcolor>
                            <label>$ADDON[service.upnext 30006]</label>
                            <visible>Integer.IsGreater(Player.TimeRemaining,59)</visible>
                        </control>
                    </control>
                    <control type="image">
                        <top>-5</top>
                        <width>50</width>
                        <height>50</height>
                        <aspect>keep</aspect>
                        <texture colordiffuse="ddffffff">dialogs/nextup/nextupicons/30.png</texture>
                        <animation effect="slide" end="13,5" time="0" condition="true">Conditional</animation>
                        <visible>Integer.IsGreater(Player.TimeRemaining(ss),30)</visible>
                    </control>
                    <control type="image">
                        <top>-5</top>
                        <width>50</width>
                        <height>50</height>
                        <aspect>keep</aspect>
                        <texture colordiffuse="ddffffff">$INFO[Player.TimeRemaining(ss),dialogs/nextup/nextupicons/,.png]</texture>
                        <animation effect="slide" end="13,5" time="0" condition="true">Conditional</animation>
                        <visible>!Integer.IsGreater(Player.TimeRemaining(ss),30)</visible>
                    </control>
                </control>
            </control>
        </control>
        <control type="progress" id="3014">
            <visible>false</visible>
        </control>
    </controls>
</window>