<?xml version="1.0" encoding="UTF-8" standalone="yes"?>
<addon id="plugin.video.openmedia" name="OpenMedia" version="1.1.8" provider-name="Team">
 <requires>
    <import addon="repository.resolveurl" optional="true"/>
    <import addon="script.module.requests"/>
    <import addon="script.module.resolveurl" version="5.1.54"/>
    <import addon="script.module.six" version="1.11.0"/>
    <import addon="script.module.inputstreamhelper" version="0.3.3" optional="true"/>
 </requires>
 <extension point="xbmc.python.pluginsource" library="default.py">
   <provides>video</provides>
 </extension>
    <extension point="xbmc.service" library="service.py" start="startup" />
 <extension point="xbmc.addon.metadata">
   <summary lang="de">Watch OpenMedia</summary>
   <description lang="de">Mit diesem Addon kannst du auf alle angebotenen Streams verschiedenster Quellen zugreifen</description>
   <disclaimer lang="de">Die von diesem Addon dargestellten Inhalte werden von den Erstellern des Addons weder gehostet oder verbreitet, noch stehen die Ersteller in irgendeiner Beziehung zu den Content-Anbietern.</disclaimer>
   <source>https://github.com/Grabber66/plugin.video.openmedia</source>
   <license>GNU GPLv3</license>
   <platform>all</platform>
   <news>
     - siehe Changelog
   </news>
   <assets>
     <icon>icon.png</icon>
     <fanart>fanart.jpg</fanart>
     <screenshot>resources/art/screenshot.jpg</screenshot>
   </assets>
 </extension>
</addon>
