<?xml version="1.0" encoding="utf-8"?>
<window type="dialog" id="1127">
	<defaultcontrol always="true">11000</defaultcontrol>
	<include>Animation_DialogPopupOpenClose</include>
	<controls>
		<control type="group">
			<centerleft>50%</centerleft>
			<height>570</height>
			<centertop>50%</centertop>
			<width>1000</width>
			<include content="DialogBackgroundCommons">
				<param name="width" value="1000" />
				<param name="height" value="570" />
				<param name="header_label" value="$LOCALIZE[31302]" />
				<param name="header_id" value="1" />
			</include>
			<control type="group" id="11000">
				<left>0</left>
				<top>80</top>
				<control type="grouplist" id="11100">
					<width>1000</width>
					<height>490</height>
					<itemgap>0</itemgap>
					<onup>11100</onup>
					<ondown>11100</ondown>
					<onright>60</onright>
					<onleft>60</onleft>
					<pagecontrol>60</pagecontrol>
					<orientation>vertical</orientation>
					<control type="radiobutton" id="11111">
						<label>$LOCALIZE[31297] : $LOCALIZE[19158]</label>
						<include>DefaultSettingButton</include>
						<selected>Skin.HasSetting(hide_nowrecordingchannel)</selected>
						<onclick>Skin.ToggleSetting(hide_nowrecordingchannel)</onclick>
					</control>
					<control type="radiobutton" id="11112">
						<label>$LOCALIZE[31297] : $LOCALIZE[19157]</label>
						<include>DefaultSettingButton</include>
						<selected>Skin.HasSetting(hide_nextrecordingchannel)</selected>
						<onclick>Skin.ToggleSetting(hide_nextrecordingchannel)</onclick>
					</control>
					<control type="radiobutton" id="11113">
						<label>$LOCALIZE[31297] : $LOCALIZE[31148]</label>
						<include>DefaultSettingButton</include>
						<selected>Skin.HasSetting(hide_tvcategories)</selected>
						<onclick>Skin.ToggleSetting(hide_tvcategories)</onclick>
					</control>
					<control type="radiobutton" id="11114">
						<visible>System.AddonIsEnabled(script.service.gto)</visible>
						<label>$LOCALIZE[31297] : $LOCALIZE[31551]</label>
						<include>DefaultSettingButton</include>
						<selected>Skin.HasSetting(hide_gtowidget)</selected>
						<onclick>Skin.ToggleSetting(hide_gtowidget)</onclick>
					</control>
					<control type="radiobutton" id="11115">
						<label>$LOCALIZE[31297] : $LOCALIZE[31016]</label>
						<include>DefaultSettingButton</include>
						<selected>Skin.HasSetting(hide_lastplayedchannels)</selected>
						<onclick>Skin.ToggleSetting(hide_lastplayedchannels)</onclick>
					</control>
					<control type="radiobutton" id="11116">
						<label>$LOCALIZE[31297] : $LOCALIZE[31015]</label>
						<include>DefaultSettingButton</include>
						<selected>Skin.HasSetting(hide_recordingchannels)</selected>
						<onclick>Skin.ToggleSetting(hide_recordingchannels)</onclick>
					</control>
					<control type="radiobutton" id="11117">
						<label>$LOCALIZE[31297] : $LOCALIZE[31361]</label>
						<include>DefaultSettingButton</include>
						<selected>Skin.HasSetting(hide_allchannels)</selected>
						<onclick>Skin.ToggleSetting(hide_allchannels)</onclick>
					</control>
					<control type="radiobutton" id="11118">
						<label>$LOCALIZE[31297] : $LOCALIZE[31550]</label>
						<include>DefaultSettingButton</include>
						<selected>Skin.HasSetting(hide_channelgroups)</selected>
						<onclick>Skin.ToggleSetting(hide_channelgroups)</onclick>
					</control>
				</control>
				<include content="SettingsScrollbar">
					<param name="height">485</param>
					<param name="leftright">11100</param>
				</include>
			</control>
		</control>
	</controls>
</window>
