<?xml version="1.0" encoding="UTF-8"?>
<includes>
	<include name="View_52_IconWall">
		<control type="group">
			<visible>Control.IsVisible(52)</visible>
			<include>OpenClose_Right</include>
			<include>Visible_Right</include>
			<control type="panel" id="52">
				<centerleft>51%</centerleft>
				<top>0</top>
				<width>92%</width>
				<height>100%</height>
				<onleft condition="!Skin.HasSetting(KioskMode)">9000</onleft>
				<onright>531</onright>
				<pagecontrol>531</pagecontrol>
				<preloaditems>2</preloaditems>
				<onup>52</onup>
				<ondown>52</ondown>
				<scrolltime tween="cubic" easing="out">500</scrolltime>
				<visible>Container.Content() | Container.Content(tags) | Container.Content(years) | Container.Content(roles) | Container.Content(sources) | Container.Content(genres) | Container.Content(countries) | Container.Content(studios) | Container.Content(playlists) | Container.Content(unknown)</visible>
				<animation effect="slide" end="74,0" time="0" condition="String.IsEqual(Skin.AspectRatio,21:9)">Conditional</animation>
				<viewtype label="31099">icon</viewtype>
				<itemlayout height="280" width="440" condition="Container.Content() | Container.Content(tags) | Container.Content(playlists) | [Container.Content(studios) + !String.IsEmpty(Skin.String(studiologos.path))] | [Container.Content(genres) + !String.IsEmpty(Skin.String(moviegenreicons.path))] | [Container.Content(countries) + !String.IsEmpty(Skin.String(moviecountryicons.path))]">
					<control type="group">
						<top>150</top>
						<control type="image">
							<width>396</width>
							<height>245</height>
							<texture>dialogs/dialog-bg-nobo.png</texture>
							<bordertexture border="21">overlays/shadow.png</bordertexture>
							<bordersize>20</bordersize>
						</control>
						<control type="image">
							<left>100</left>
							<top>30</top>
							<width>200</width>
							<height>130</height>
							<texture>$VAR[IconWallThumbVar]</texture>
							<aspectratio>keep</aspectratio>
							<align>center</align>
							<visible>!String.StartsWith(Container.FolderPath,videodb://) + !String.StartsWith(Container.FolderPath,musicdb://) + !Container.Content(countries)</visible>
						</control>
						<control type="image">
							<left>100</left>
							<top>40</top>
							<width>200</width>
							<height>120</height>
							<texture fallback="DefaultCountry.png">$VAR[IconWallThumbVar]</texture>
							<aspectratio>keep</aspectratio>
							<align>center</align>
							<visible>Container.Content(countries)</visible>
						</control>
						<control type="image">
							<left>100</left>
							<top>30</top>
							<width>200</width>
							<height>120</height>
							<texture fallback="DefaultStudios.png">$VAR[IconWallThumbVar]</texture>
							<aspectratio>keep</aspectratio>
							<align>center</align>
							<visible>String.StartsWith(Container.FolderPath,videodb://)</visible>
							<visible>!Container.Content(countries)</visible>
						</control>
						<control type="image">
							<left>100</left>
							<top>30</top>
							<width>200</width>
							<height>110</height>
							<texture fallback="DefaultMusicGenres.png">$VAR[IconWallThumbVar]</texture>
							<aspectratio>keep</aspectratio>
							<align>center</align>
							<visible>String.StartsWith(Container.FolderPath,musicdb://)</visible>
						</control>
						<control type="label">
							<left>25</left>
							<top>148</top>
							<width>346</width>
							<height>74</height>
							<font>font25_narrow</font>
							<label>$INFO[ListItem.Label,[B],[/B]]</label>
							<align>center</align>
							<aligny>center</aligny>
							<scroll>true</scroll>
						</control>
					</control>
				</itemlayout>
				<focusedlayout height="280" width="440" condition="Container.Content() | Container.Content(tags) | Container.Content(playlists) | [Container.Content(studios) + !String.IsEmpty(Skin.String(studiologos.path))] | [Container.Content(genres) + !String.IsEmpty(Skin.String(moviegenreicons.path))] | [Container.Content(countries) + !String.IsEmpty(Skin.String(moviecountryicons.path))]">
					<control type="group">
						<depth>DepthContentPopout</depth>
						<animation type="Focus" condition="!Skin.HasSetting(no_animations)" reversible="false">
            				<effect type="zoom" end="110" time="75" tween="sine" easing="out" center="auto" />
            				<effect type="zoom" end="91" time="225" tween="sine" delay="100" easing="out" center="auto" />
       					 </animation>
						<top>150</top>
						<control type="image">
							<width>396</width>
							<height>245</height>
							<texture>dialogs/dialog-bg-nobo.png</texture>
							<bordertexture border="21">overlays/shadow.png</bordertexture>
							<bordersize>20</bordersize>
						</control>
						<control type="image">
							<top>-6</top>
							<left>-6</left>
							<width>408</width>
							<height>257</height>
							<texture colordiffuse="$VAR[SkinColorVar]">colors/grey.png</texture>
							<bordertexture border="21">overlays/shadow.png</bordertexture>
							<bordersize>20</bordersize>
						</control>
						<control type="image">
							<top>-6</top>
							<left>-6</left>
							<width>408</width>
							<height>257</height>
							<texture colordiffuse="$VAR[GradientColorVar]">colors/gradient2.png</texture>
							<bordersize>20</bordersize>
							<visible>Skin.HasSetting(EnableGradientColor)</visible>
						</control>
						<control type="image">
							<left>100</left>
							<top>30</top>
							<width>200</width>
							<height>130</height>
							<texture>$VAR[IconWallThumbVar]</texture>
							<aspectratio>keep</aspectratio>
							<align>center</align>
							<visible>!String.StartsWith(Container.FolderPath,videodb://) + !String.StartsWith(Container.FolderPath,musicdb://) + !Container.Content(countries)</visible>
						</control>
						<control type="image">
							<left>100</left>
							<top>40</top>
							<width>200</width>
							<height>120</height>
							<texture fallback="DefaultCountry.png">$VAR[IconWallThumbVar]</texture>
							<aspectratio>keep</aspectratio>
							<align>center</align>
							<visible>Container.Content(countries)</visible>
						</control>
						<control type="image">
							<left>100</left>
							<top>30</top>
							<width>200</width>
							<height>120</height>
							<texture fallback="DefaultStudios.png">$VAR[IconWallThumbVar]</texture>
							<aspectratio>keep</aspectratio>
							<align>center</align>
							<visible>String.StartsWith(Container.FolderPath,videodb://)</visible>
							<visible>!Container.Content(countries)</visible>
						</control>
						<control type="image">
							<left>100</left>
							<top>30</top>
							<width>200</width>
							<height>110</height>
							<texture fallback="DefaultMusicGenres.png">$VAR[IconWallThumbVar]</texture>
							<aspectratio>keep</aspectratio>
							<align>center</align>
							<visible>String.StartsWith(Container.FolderPath,musicdb://)</visible>
						</control>
						<control type="label">
							<left>25</left>
							<top>148</top>
							<width>346</width>
							<height>74</height>
							<font>font25_narrow</font>
							<label>$INFO[ListItem.Label,[B],[/B]]</label>
							<align>center</align>
							<aligny>center</aligny>
							<scroll>true</scroll>
						</control>
					</control>
				</focusedlayout>
				<itemlayout height="181" width="348" condition="[Container.Content(genres) + String.IsEmpty(Skin.String(moviegenreicons.path))] | Container.Content(years) | Container.Content(roles) | Container.Content(sources) | [Container.Content(countries) + String.IsEmpty(Skin.String(moviecountryicons.path))] | [Container.Content(studios) + String.IsEmpty(Skin.String(studiologos.path))]">
					<control type="group">
						<animation effect="slide" end="43,0" time="0" condition="String.IsEqual(Skin.AspectRatio,21:9)">Conditional</animation>
						<top>120</top>
						<control type="image">
							<width>330</width>
							<height>140</height>
							<texture>dialogs/dialog-bg-nobo.png</texture>
							<bordertexture border="21">overlays/shadow.png</bordertexture>
							<bordersize>20</bordersize>
						</control>
						<control type="textbox">
							<left>30</left>
							<top>20</top>
							<width>270</width>
							<height>100</height>
							<font>font25_narrow</font>
							<label>$INFO[ListItem.Label,[B],[/B]]</label>
							<align>center</align>
							<aligny>center</aligny>
						</control>
					</control>
				</itemlayout>
				<focusedlayout height="181" width="348" condition="[Container.Content(genres) + String.IsEmpty(Skin.String(moviegenreicons.path))] | Container.Content(years) | Container.Content(roles) | Container.Content(sources) | [Container.Content(countries) + String.IsEmpty(Skin.String(moviecountryicons.path))] | [Container.Content(studios) + String.IsEmpty(Skin.String(studiologos.path))]">
					<control type="group">
						<animation effect="slide" end="43,0" time="0" condition="String.IsEqual(Skin.AspectRatio,21:9)">Conditional</animation>
						<depth>DepthContentPopout</depth>
						<top>120</top>
						<animation type="Focus" condition="!Skin.HasSetting(no_animations)" reversible="false">
            				<effect type="zoom" end="110" time="75" tween="sine" easing="out" center="auto" />
            				<effect type="zoom" end="91" time="225" tween="sine" delay="100" easing="out" center="auto" />
       					</animation>
						<control type="image">
							<width>330</width>
							<height>140</height>
							<texture>dialogs/dialog-bg-nobo.png</texture>
							<bordertexture border="21">overlays/shadow.png</bordertexture>
							<bordersize>20</bordersize>
						</control>
						<control type="image">
							<top>-6</top>
							<left>-6</left>
							<width>342</width>
							<height>152</height>
							<texture colordiffuse="$VAR[SkinColorVar]">colors/grey.png</texture>
							<bordertexture border="21">overlays/shadow.png</bordertexture>
							<bordersize>20</bordersize>
						</control>
						<control type="image">
							<top>-6</top>
							<left>-6</left>
							<width>342</width>
							<height>152</height>
							<texture colordiffuse="$VAR[GradientColorVar]">colors/gradient2.png</texture>
							<bordersize>20</bordersize>
							<visible>Skin.HasSetting(EnableGradientColor)</visible>
						</control>
						<control type="textbox">
							<left>30</left>
							<top>20</top>
							<width>270</width>
							<height>100</height>
							<font>font25_narrow</font>
							<label>$INFO[ListItem.Label,[B],[/B]]</label>
							<align>center</align>
							<aligny>center</aligny>
							<autoscroll delay="1000" time="1000" repeat="1000">true</autoscroll>
						</control>
					</control>
				</focusedlayout>
			</control>
		</control>
	</include>
</includes>
