<?xml version="1.0" encoding="UTF-8"?>
<addon id="skin.estuary.pvr" version="3.3.1+matrix.4" name="Estuary MOD PVR Matrix" provider-name="PvD, PVR branch by Grabber66">
	<requires>
		<import addon="xbmc.python" version="3.0.0"/>
		<import addon="xbmc.gui" version="5.15.0"/>
		<import addon="script.skinshortcuts" version="1.1.3"/>
        <import addon="script.image.resource.select" version="3.0.2"/>
		<import addon="script.embuary.helper" version="2.0.7"/>
		<import addon="script.embuary.info" version="2.0.7"/>
		<import addon="script.module.pvr.artwork" version="1.0.18"/>
        <import optional="true" addon="script.playalbum" version="4.0.2"/>
        <import optional="true" addon="script.skin.helper.colorpicker" version="2.0.1"/>
	</requires>
	<extension point="xbmc.gui.skin" debugging="false">
		<res width="1920" height="1440" aspect="4:3" default="false" folder="xml" />
		<res width="1920" height="1280" aspect="3:2" default="false" folder="xml" />
		<res width="1920" height="1200" aspect="16:10" default="false" folder="xml" />
		<res width="2040" height="1080" aspect="17:9" default="false" folder="xml" />
		<res width="1920" height="1080" aspect="16:9" default="true" folder="xml" />
		<res width="2338" height="1080" aspect="19.5:9" default="false" folder="xml" />
 		<res width="2160" height="1080" aspect="18:9" default="false" folder="xml" />
		<res width="2560" height="1080" aspect="21:9" default="false" folder="xml" />
	</extension>
	<extension point="xbmc.service" library="scripts/services.py" visible="!String.IsEmpty(Window(home).Property(CurrentSkin))" />
	<extension point="kodi.context.item">
      	<menu id="kodi.core.main">
      		<item library="scripts/context_menu_jumptoletter.py">
 				<label>$LOCALIZE[40165]</label>
 				<visible>!String.IsEmpty(Window(home).Property(CurrentSkin)) + [String.IsEqual(ListItem.dbtype,movie) | String.IsEqual(ListItem.dbtype,set) | String.IsEqual(ListItem.dbtype,tvshow) | String.IsEqual(ListItem.dbtype,artist) | String.IsEqual(ListItem.dbtype,album) | String.IsEqual(ListItem.dbtype,musicvideo) | Container.Content(addons)] + !Window.IsVisible(Home)</visible>
 			</item>
      		<item library="scripts/context_menu_moviessets.py">
 				<label>$LOCALIZE[40181]</label>
 				<visible>!String.IsEmpty(Window(home).Property(CurrentSkin)) + String.IsEqual(ListItem.DBType,set) + !Window.IsVisible(Home)</visible>
 			</item>
            <item library="scripts/context_menu_animated_artwork.py" args="add">
                <label>$LOCALIZE[40394]</label>
                <visible>!String.IsEmpty(Window(home).Property(CurrentSkin)) + Skin.HasSetting(Skin_EnableAnimatedPosters) + [String.IsEqual(ListItem.dbtype,movie) | String.IsEqual(ListItem.dbtype,tvshow)] + String.IsEmpty(ListItem.Art(animatedposter))</visible>
            </item>
            <item library="scripts/context_menu_animated_artwork.py" args="remove">
                <label>$LOCALIZE[40395]</label>
                <visible>!String.IsEmpty(Window(home).Property(CurrentSkin)) + Skin.HasSetting(Skin_EnableAnimatedPosters) + [String.IsEqual(ListItem.dbtype,movie) | String.IsEqual(ListItem.dbtype,tvshow)] + !String.IsEmpty(ListItem.Art(animatedposter))</visible>
            </item>
            <item library="scripts/context_menu_pvr.py">
                <label>$LOCALIZE[40362]</label>
                <description>PVR artwork Configuration</description>
                <visible>!String.IsEmpty(Window(home).Property(CurrentSkin)) + System.HasAddon(script.module.pvr.artwork) + Skin.HasSetting(Skin_enablePvrArtwork) + [Window.IsActive(MyPVRChannels.xml) | Window.IsActive(MyPVRGuide.xml) | Window.IsActive(MyPVRRecordings.xml) | Window.IsActive(MyPVRTimers.xml) | Window.IsActive(MyPVRSearch.xml)]</visible>
            </item>
    	</menu>
 	</extension>
	<extension point="xbmc.addon.metadata">
		<summary lang="en_GB">Estuary MOD V2 skin by Guilouz, adapted for Matrix by PvD</summary>
		<description lang="en_GB">Estuary MOD V2 is a mod from Estuary by Guilouz for Kodi 18 and adapted for Kodi 19 (Matrix) by PvD from Kodinerds Community. It attempts to be easy for first time Kodi users to understand and use.</description>
		<disclaimer lang="en_GB">For better experience, be sure to install all addons required by the theme.</disclaimer>
		<platform>all</platform>
		<license>CC BY-SA 4.0, GNU GENERAL PUBLIC LICENSE Version 2.0</license>
		<source>https://github.com/Grabber66/skin.estuary.pvr</source>
			<assets>
				<icon>resources/icon.png</icon>
				<fanart>resources/fanart.jpg</fanart>
			</assets>
<news>
</news>
	</extension>
</addon>
